Match ID,inn1_runs,inn1_wickets,inn1_extras,inn1_boundaries,inn1_sixes,inn1_team,venue,date,toss_winner,toss_decision,match_won_by,season,inn2_runs,inn2_wickets,inn2_team
335982,222,3,17,29,14,Kolkata Knight Riders,M Chinnaswamy Stadium,2008-04-18,Royal Challengers Bangalore,field,Kolkata Knight Riders,2007/08,82,10,Kolkata Knight Riders
335983,240,5,6,36,16,Chennai Super Kings,Punjab Cricket Association Stadium,2008-04-19,Chennai Super Kings,bat,Chennai Super Kings,2007/08,207,4,Chennai Super Kings
335984,129,8,7,17,3,Rajasthan Royals,Feroz Shah Kotla,2008-04-19,Rajasthan Royals,bat,Delhi Daredevils,2007/08,132,1,Rajasthan Royals
335985,165,7,11,23,5,Mumbai Indians,Wankhede Stadium,2008-04-20,Mumbai Indians,bat,Royal Challengers Bangalore,2007/08,166,5,Mumbai Indians
335986,110,10,10,13,6,Deccan Chargers,Eden Gardens,2008-04-20,Deccan Chargers,bat,Kolkata Knight Riders,2007/08,112,5,Deccan Chargers
335987,166,8,4,25,7,Kings XI Punjab,Sawai Mansingh Stadium,2008-04-21,Kings XI Punjab,bat,Rajasthan Royals,2007/08,168,4,Kings XI Punjab
335988,142,8,5,18,6,Deccan Chargers,Rajiv Gandhi International Stadium,2008-04-22,Deccan Chargers,bat,Delhi Daredevils,2007/08,143,1,Deccan Chargers
335989,208,5,18,30,6,Chennai Super Kings,MA Chidambaram Stadium,2008-04-23,Mumbai Indians,field,Chennai Super Kings,2007/08,202,7,Chennai Super Kings
335990,214,5,6,33,9,Deccan Chargers,Rajiv Gandhi International Stadium,2008-04-24,Rajasthan Royals,field,Rajasthan Royals,2007/08,217,7,Deccan Chargers
335991,182,10,7,24,5,Kings XI Punjab,Punjab Cricket Association Stadium,2008-04-25,Mumbai Indians,field,Kings XI Punjab,2007/08,116,9,Kings XI Punjab
335992,135,8,6,19,7,Royal Challengers Bangalore,M Chinnaswamy Stadium,2008-04-26,Rajasthan Royals,field,Rajasthan Royals,2007/08,138,3,Royal Challengers Bangalore
335993,147,9,8,18,4,Kolkata Knight Riders,MA Chidambaram Stadium,2008-04-26,Kolkata Knight Riders,bat,Chennai Super Kings,2007/08,152,1,Kolkata Knight Riders
335994,154,7,11,19,5,Mumbai Indians,Dr DY Patil Sports Academy,2008-04-27,Deccan Chargers,field,Deccan Chargers,2007/08,155,0,Mumbai Indians
335995,158,8,11,20,2,Delhi Daredevils,Punjab Cricket Association Stadium,2008-04-27,Delhi Daredevils,bat,Kings XI Punjab,2007/08,162,6,Delhi Daredevils
335996,178,5,4,25,8,Chennai Super Kings,M Chinnaswamy Stadium,2008-04-28,Chennai Super Kings,bat,Chennai Super Kings,2007/08,165,10,Chennai Super Kings
335997,137,8,13,18,3,Kolkata Knight Riders,Eden Gardens,2008-04-29,Kolkata Knight Riders,bat,Mumbai Indians,2007/08,138,3,Kolkata Knight Riders
335998,191,5,4,26,5,Delhi Daredevils,Feroz Shah Kotla,2008-04-30,Royal Challengers Bangalore,field,Delhi Daredevils,2007/08,181,5,Delhi Daredevils
335999,164,8,4,22,3,Deccan Chargers,Rajiv Gandhi International Stadium,2008-05-01,Kings XI Punjab,field,Kings XI Punjab,2007/08,167,3,Deccan Chargers
336000,196,7,14,27,5,Rajasthan Royals,Sawai Mansingh Stadium,2008-05-01,Rajasthan Royals,bat,Rajasthan Royals,2007/08,151,10,Rajasthan Royals
336001,169,6,7,22,5,Chennai Super Kings,MA Chidambaram Stadium,2008-05-02,Chennai Super Kings,bat,Delhi Daredevils,2007/08,172,2,Chennai Super Kings
336002,165,10,13,22,7,Deccan Chargers,Rajiv Gandhi International Stadium,2008-05-25,Deccan Chargers,bat,Royal Challengers Bangalore,2007/08,171,5,Deccan Chargers
336003,178,6,14,26,4,Kings XI Punjab,Punjab Cricket Association Stadium,2008-05-03,Kings XI Punjab,bat,Kings XI Punjab,2007/08,169,6,Kings XI Punjab
336004,162,8,10,22,8,Mumbai Indians,Dr DY Patil Sports Academy,2008-05-04,Delhi Daredevils,field,Mumbai Indians,2007/08,133,10,Mumbai Indians
336005,109,10,7,13,1,Chennai Super Kings,Sawai Mansingh Stadium,2008-05-04,Chennai Super Kings,bat,Rajasthan Royals,2007/08,110,2,Chennai Super Kings
336006,126,10,10,17,1,Royal Challengers Bangalore,M Chinnaswamy Stadium,2008-05-05,Kings XI Punjab,field,Kings XI Punjab,2007/08,127,4,Royal Challengers Bangalore
336007,144,7,10,17,5,Chennai Super Kings,MA Chidambaram Stadium,2008-05-06,Deccan Chargers,field,Deccan Chargers,2007/08,148,3,Chennai Super Kings
336008,103,10,7,11,2,Rajasthan Royals,Dr DY Patil Sports Academy,2008-05-07,Mumbai Indians,field,Mumbai Indians,2007/08,104,3,Rajasthan Royals
336009,187,5,12,25,3,Delhi Daredevils,Feroz Shah Kotla,2008-05-08,Chennai Super Kings,field,Chennai Super Kings,2007/08,188,6,Delhi Daredevils
336010,129,7,5,18,5,Kolkata Knight Riders,Eden Gardens,2008-05-08,Kolkata Knight Riders,bat,Kolkata Knight Riders,2007/08,124,4,Kolkata Knight Riders
336011,140,8,6,18,3,Deccan Chargers,Sawai Mansingh Stadium,2008-05-09,Rajasthan Royals,field,Rajasthan Royals,2007/08,141,2,Deccan Chargers
336012,122,9,11,13,2,Royal Challengers Bangalore,M Chinnaswamy Stadium,2008-05-28,Mumbai Indians,field,Mumbai Indians,2007/08,126,1,Royal Challengers Bangalore
336013,181,4,15,21,7,Chennai Super Kings,MA Chidambaram Stadium,2008-05-10,Kings XI Punjab,field,Chennai Super Kings,2007/08,163,9,Chennai Super Kings
336014,204,4,5,31,9,Kolkata Knight Riders,Rajiv Gandhi International Stadium,2008-05-11,Kolkata Knight Riders,bat,Kolkata Knight Riders,2007/08,181,7,Kolkata Knight Riders
336015,156,7,11,15,5,Delhi Daredevils,Sawai Mansingh Stadium,2008-05-11,Rajasthan Royals,field,Rajasthan Royals,2007/08,159,7,Delhi Daredevils
336016,143,8,15,15,2,Royal Challengers Bangalore,Punjab Cricket Association Stadium,2008-05-12,Royal Challengers Bangalore,bat,Kings XI Punjab,2007/08,144,1,Royal Challengers Bangalore
336017,133,6,11,13,3,Kolkata Knight Riders,Eden Gardens,2008-05-13,Kolkata Knight Riders,bat,Kolkata Knight Riders,2007/08,110,10,Kolkata Knight Riders
336018,156,6,12,24,3,Chennai Super Kings,Wankhede Stadium,2008-05-14,Mumbai Indians,field,Mumbai Indians,2007/08,158,1,Chennai Super Kings
336019,221,3,5,34,14,Kings XI Punjab,Punjab Cricket Association Stadium,2008-05-28,Rajasthan Royals,field,Kings XI Punjab,2007/08,180,7,Kings XI Punjab
336020,194,4,8,24,6,Delhi Daredevils,Feroz Shah Kotla,2008-05-15,Deccan Chargers,field,Delhi Daredevils,2007/08,182,9,Delhi Daredevils
336021,67,10,8,8,1,Kolkata Knight Riders,Wankhede Stadium,2008-05-16,Mumbai Indians,field,Mumbai Indians,2007/08,68,2,Kolkata Knight Riders
336022,118,4,10,16,6,Delhi Daredevils,Feroz Shah Kotla,2008-05-17,Delhi Daredevils,bat,Kings XI Punjab,2007/08,94,3,Delhi Daredevils
336023,197,1,26,24,3,Rajasthan Royals,Sawai Mansingh Stadium,2008-05-17,Royal Challengers Bangalore,field,Rajasthan Royals,2007/08,132,9,Rajasthan Royals
336024,178,7,20,23,6,Mumbai Indians,Rajiv Gandhi International Stadium,2008-05-18,Deccan Chargers,field,Mumbai Indians,2007/08,153,7,Mumbai Indians
336025,149,5,13,18,3,Kolkata Knight Riders,Eden Gardens,2008-05-18,Kolkata Knight Riders,bat,Chennai Super Kings,2007/08,55,0,Kolkata Knight Riders
336026,154,7,9,20,6,Royal Challengers Bangalore,M Chinnaswamy Stadium,2008-05-19,Delhi Daredevils,field,Delhi Daredevils,2007/08,158,5,Royal Challengers Bangalore
336027,147,8,5,19,6,Kolkata Knight Riders,Eden Gardens,2008-05-20,Rajasthan Royals,field,Rajasthan Royals,2007/08,150,4,Kolkata Knight Riders
336028,189,4,12,26,8,Kings XI Punjab,Wankhede Stadium,2008-05-21,Mumbai Indians,field,Kings XI Punjab,2007/08,188,10,Kings XI Punjab
336029,126,8,4,15,1,Royal Challengers Bangalore,MA Chidambaram Stadium,2008-05-21,Royal Challengers Bangalore,bat,Royal Challengers Bangalore,2007/08,112,8,Royal Challengers Bangalore
336031,175,4,5,23,9,Deccan Chargers,Punjab Cricket Association Stadium,2008-05-23,Kings XI Punjab,field,Kings XI Punjab,2007/08,178,4,Deccan Chargers
336032,176,8,9,25,7,Mumbai Indians,Feroz Shah Kotla,2008-05-24,Delhi Daredevils,field,Delhi Daredevils,2007/08,179,5,Mumbai Indians
336033,211,5,7,29,9,Rajasthan Royals,MA Chidambaram Stadium,2008-05-24,Rajasthan Royals,bat,Rajasthan Royals,2007/08,201,7,Rajasthan Royals
336034,156,8,5,19,4,Royal Challengers Bangalore,M Chinnaswamy Stadium,2008-05-03,Deccan Chargers,field,Royal Challengers Bangalore,2007/08,153,6,Royal Challengers Bangalore
336035,174,6,11,22,5,Kings XI Punjab,Eden Gardens,2008-05-25,Kings XI Punjab,bat,Kolkata Knight Riders,2007/08,175,7,Kings XI Punjab
336036,145,7,13,15,1,Mumbai Indians,Sawai Mansingh Stadium,2008-05-26,Rajasthan Royals,field,Rajasthan Royals,2007/08,146,5,Mumbai Indians
336037,147,8,16,16,3,Deccan Chargers,Rajiv Gandhi International Stadium,2008-05-27,Deccan Chargers,bat,Chennai Super Kings,2007/08,148,3,Deccan Chargers
336038,192,9,4,29,10,Rajasthan Royals,Wankhede Stadium,2008-05-30,Delhi Daredevils,field,Rajasthan Royals,2007/08,87,10,Rajasthan Royals
336039,112,8,4,13,2,Kings XI Punjab,Wankhede Stadium,2008-05-31,Kings XI Punjab,bat,Chennai Super Kings,2007/08,116,1,Kings XI Punjab
336040,163,5,7,16,7,Chennai Super Kings,Dr DY Patil Sports Academy,2008-06-01,Rajasthan Royals,field,Rajasthan Royals,2007/08,164,7,Chennai Super Kings
392181,165,7,3,22,3,Mumbai Indians,Newlands,2009-04-18,Chennai Super Kings,field,Mumbai Indians,2009,146,7,Mumbai Indians
392182,133,8,4,17,2,Royal Challengers Bangalore,Newlands,2009-04-18,Royal Challengers Bangalore,bat,Royal Challengers Bangalore,2009,58,10,Royal Challengers Bangalore
392183,104,7,8,12,7,Kings XI Punjab,Newlands,2009-04-19,Delhi Daredevils,field,Delhi Daredevils,2009,58,0,Kings XI Punjab
392184,101,10,5,11,4,Kolkata Knight Riders,Newlands,2009-04-19,Kolkata Knight Riders,bat,Deccan Chargers,2009,104,2,Kolkata Knight Riders
392185,179,5,13,21,6,Chennai Super Kings,St George's Park,2009-04-20,Chennai Super Kings,bat,Chennai Super Kings,2009,87,10,Chennai Super Kings
392186,158,6,12,19,4,Kings XI Punjab,Kingsmead,2009-04-21,Kolkata Knight Riders,field,Kolkata Knight Riders,2009,79,1,Kings XI Punjab
392188,184,6,9,21,12,Deccan Chargers,Newlands,2009-04-22,Deccan Chargers,bat,Deccan Chargers,2009,160,8,Deccan Chargers
392189,189,5,1,24,8,Delhi Daredevils,Kingsmead,2009-04-23,Delhi Daredevils,bat,Delhi Daredevils,2009,180,9,Delhi Daredevils
392190,150,6,10,16,5,Rajasthan Royals,Newlands,2009-04-23,Kolkata Knight Riders,field,Unknown,2009,150,8,Rajasthan Royals
392191,168,9,8,21,5,Royal Challengers Bangalore,Kingsmead,2009-04-24,Royal Challengers Bangalore,bat,Kings XI Punjab,2009,173,3,Royal Challengers Bangalore
392192,168,9,14,19,7,Deccan Chargers,Kingsmead,2009-04-25,Deccan Chargers,bat,Deccan Chargers,2009,156,7,Deccan Chargers
392194,149,7,11,14,5,Royal Challengers Bangalore,St George's Park,2009-04-26,Royal Challengers Bangalore,bat,Delhi Daredevils,2009,150,4,Royal Challengers Bangalore
392195,139,6,13,15,3,Kings XI Punjab,Newlands,2009-04-26,Kings XI Punjab,bat,Kings XI Punjab,2009,112,7,Kings XI Punjab
392196,165,6,7,22,6,Chennai Super Kings,Kingsmead,2009-04-27,Deccan Chargers,field,Deccan Chargers,2009,169,4,Chennai Super Kings
392197,187,6,9,21,10,Mumbai Indians,St George's Park,2009-04-27,Mumbai Indians,bat,Mumbai Indians,2009,95,9,Mumbai Indians
392198,143,7,5,17,3,Delhi Daredevils,SuperSport Park,2009-04-28,Delhi Daredevils,bat,Rajasthan Royals,2009,147,5,Delhi Daredevils
392199,139,6,9,14,2,Kolkata Knight Riders,Kingsmead,2009-04-29,Kolkata Knight Riders,bat,Royal Challengers Bangalore,2009,143,5,Kolkata Knight Riders
392200,119,8,17,6,2,Kings XI Punjab,Kingsmead,2009-04-29,Kings XI Punjab,bat,Kings XI Punjab,2009,116,7,Kings XI Punjab
392201,148,9,11,16,3,Deccan Chargers,SuperSport Park,2009-04-30,Delhi Daredevils,field,Delhi Daredevils,2009,150,4,Deccan Chargers
392202,164,5,5,21,6,Chennai Super Kings,SuperSport Park,2009-04-30,Rajasthan Royals,field,Chennai Super Kings,2009,126,9,Chennai Super Kings
392203,148,6,13,14,6,Mumbai Indians,Buffalo Park,2009-05-01,Mumbai Indians,bat,Mumbai Indians,2009,139,6,Mumbai Indians
392204,145,9,6,18,5,Royal Challengers Bangalore,Kingsmead,2009-05-01,Royal Challengers Bangalore,bat,Royal Challengers Bangalore,2009,137,7,Royal Challengers Bangalore
392205,141,5,7,16,5,Deccan Chargers,St George's Park,2009-05-02,Deccan Chargers,bat,Rajasthan Royals,2009,142,7,Deccan Chargers
392206,163,10,9,20,5,Chennai Super Kings,New Wanderers Stadium,2009-05-02,Delhi Daredevils,field,Chennai Super Kings,2009,145,8,Chennai Super Kings
392207,153,3,7,19,3,Kolkata Knight Riders,St George's Park,2009-05-03,Kolkata Knight Riders,bat,Kings XI Punjab,2009,154,4,Kolkata Knight Riders
392208,149,4,6,16,3,Mumbai Indians,New Wanderers Stadium,2009-05-03,Mumbai Indians,bat,Royal Challengers Bangalore,2009,150,1,Mumbai Indians
392209,178,3,10,21,7,Chennai Super Kings,Buffalo Park,2009-05-04,Chennai Super Kings,bat,Chennai Super Kings,2009,100,10,Chennai Super Kings
392210,211,4,4,33,8,Rajasthan Royals,Kingsmead,2009-05-05,Kings XI Punjab,field,Rajasthan Royals,2009,133,8,Rajasthan Royals
392211,154,3,4,18,4,Kolkata Knight Riders,Kingsmead,2009-05-05,Kolkata Knight Riders,bat,Delhi Daredevils,2009,157,1,Kolkata Knight Riders
392212,145,6,9,14,6,Deccan Chargers,SuperSport Park,2009-05-06,Deccan Chargers,bat,Deccan Chargers,2009,126,8,Deccan Chargers
392213,105,10,5,9,3,Royal Challengers Bangalore,SuperSport Park,2009-05-07,Rajasthan Royals,field,Rajasthan Royals,2009,107,3,Royal Challengers Bangalore
392214,185,3,6,28,9,Chennai Super Kings,SuperSport Park,2009-05-07,Chennai Super Kings,bat,Chennai Super Kings,2009,174,3,Chennai Super Kings
392215,116,10,13,10,3,Mumbai Indians,Buffalo Park,2009-05-08,Mumbai Indians,bat,Delhi Daredevils,2009,118,3,Mumbai Indians
392216,168,5,7,18,9,Deccan Chargers,De Beers Diamond Oval,2009-05-09,Kings XI Punjab,field,Kings XI Punjab,2009,169,7,Deccan Chargers
392217,140,7,7,16,5,Rajasthan Royals,De Beers Diamond Oval,2009-05-09,Rajasthan Royals,bat,Chennai Super Kings,2009,141,3,Rajasthan Royals
392218,157,2,7,15,4,Mumbai Indians,St George's Park,2009-05-10,Mumbai Indians,bat,Mumbai Indians,2009,141,7,Mumbai Indians
392219,123,8,8,11,5,Kolkata Knight Riders,New Wanderers Stadium,2009-05-10,Delhi Daredevils,field,Delhi Daredevils,2009,125,3,Kolkata Knight Riders
392220,166,7,2,16,8,Deccan Chargers,De Beers Diamond Oval,2009-05-11,Deccan Chargers,bat,Deccan Chargers,2009,113,10,Deccan Chargers
392221,173,4,9,22,5,Kolkata Knight Riders,SuperSport Park,2009-05-12,Royal Challengers Bangalore,field,Royal Challengers Bangalore,2009,176,4,Kolkata Knight Riders
392222,119,9,18,13,3,Kings XI Punjab,SuperSport Park,2009-05-12,Kings XI Punjab,bat,Mumbai Indians,2009,122,2,Kings XI Punjab
392223,173,7,12,22,6,Delhi Daredevils,Kingsmead,2009-05-13,Deccan Chargers,field,Delhi Daredevils,2009,161,10,Delhi Daredevils
392224,129,10,4,15,3,Chennai Super Kings,Kingsmead,2009-05-14,Chennai Super Kings,bat,Royal Challengers Bangalore,2009,132,8,Chennai Super Kings
392225,145,7,7,19,3,Rajasthan Royals,Kingsmead,2009-05-14,Rajasthan Royals,bat,Rajasthan Royals,2009,143,10,Rajasthan Royals
392226,120,9,14,7,1,Delhi Daredevils,OUTsurance Oval,2009-05-15,Kings XI Punjab,field,Kings XI Punjab,2009,123,4,Delhi Daredevils
392227,147,5,5,15,6,Mumbai Indians,St George's Park,2009-05-16,Mumbai Indians,bat,Chennai Super Kings,2009,151,3,Mumbai Indians
392228,160,5,7,17,6,Kolkata Knight Riders,New Wanderers Stadium,2009-05-16,Deccan Chargers,field,Deccan Chargers,2009,166,4,Kolkata Knight Riders
392229,134,7,7,13,3,Kings XI Punjab,New Wanderers Stadium,2009-05-17,Deccan Chargers,field,Kings XI Punjab,2009,133,8,Kings XI Punjab
392230,150,3,5,13,2,Delhi Daredevils,OUTsurance Oval,2009-05-17,Delhi Daredevils,bat,Delhi Daredevils,2009,136,9,Delhi Daredevils
392231,188,3,20,22,6,Chennai Super Kings,SuperSport Park,2009-05-18,Chennai Super Kings,bat,Kolkata Knight Riders,2009,189,3,Chennai Super Kings
392232,134,7,3,9,1,Delhi Daredevils,New Wanderers Stadium,2009-05-19,Delhi Daredevils,bat,Royal Challengers Bangalore,2009,135,3,Delhi Daredevils
392233,101,9,5,10,3,Rajasthan Royals,Kingsmead,2009-05-20,Kolkata Knight Riders,field,Kolkata Knight Riders,2009,102,6,Rajasthan Royals
392234,116,9,7,13,2,Chennai Super Kings,Kingsmead,2009-05-20,Chennai Super Kings,bat,Chennai Super Kings,2009,92,8,Chennai Super Kings
392235,165,8,24,20,2,Mumbai Indians,SuperSport Park,2009-05-21,Delhi Daredevils,field,Delhi Daredevils,2009,166,6,Mumbai Indians
392236,170,4,2,20,7,Royal Challengers Bangalore,SuperSport Park,2009-05-21,Royal Challengers Bangalore,bat,Royal Challengers Bangalore,2009,158,6,Royal Challengers Bangalore
392237,153,8,10,17,4,Delhi Daredevils,SuperSport Park,2009-05-22,Deccan Chargers,field,Deccan Chargers,2009,154,4,Delhi Daredevils
392238,146,5,6,15,4,Chennai Super Kings,New Wanderers Stadium,2009-05-23,Royal Challengers Bangalore,field,Royal Challengers Bangalore,2009,149,4,Chennai Super Kings
392239,143,6,8,13,4,Deccan Chargers,New Wanderers Stadium,2009-05-24,Royal Challengers Bangalore,field,Deccan Chargers,2009,137,9,Deccan Chargers
419106,161,4,15,19,8,Kolkata Knight Riders,Dr DY Patil Sports Academy,2010-03-12,Deccan Chargers,field,Kolkata Knight Riders,2009/10,150,7,Kolkata Knight Riders
419107,212,7,16,29,6,Mumbai Indians,Brabourne Stadium,2010-03-13,Mumbai Indians,bat,Mumbai Indians,2009/10,208,7,Mumbai Indians
419108,142,9,13,17,2,Kings XI Punjab,Punjab Cricket Association Stadium,2010-03-13,Delhi Daredevils,field,Delhi Daredevils,2009/10,146,5,Kings XI Punjab
419109,135,7,5,15,2,Royal Challengers Bangalore,Eden Gardens,2010-03-14,Kolkata Knight Riders,field,Kolkata Knight Riders,2009/10,136,3,Royal Challengers Bangalore
419110,190,4,16,26,8,Deccan Chargers,MA Chidambaram Stadium,2010-03-14,Deccan Chargers,bat,Deccan Chargers,2009/10,159,9,Deccan Chargers
419111,141,6,5,18,4,Rajasthan Royals,Sardar Patel Stadium,2010-03-15,Delhi Daredevils,field,Delhi Daredevils,2009/10,142,4,Rajasthan Royals
419112,203,3,13,27,7,Kings XI Punjab,M Chinnaswamy Stadium,2010-03-16,Kings XI Punjab,bat,Royal Challengers Bangalore,2009/10,204,2,Kings XI Punjab
419113,164,3,3,20,4,Chennai Super Kings,Eden Gardens,2010-03-16,Chennai Super Kings,bat,Chennai Super Kings,2009/10,109,10,Chennai Super Kings
419114,218,7,17,28,9,Mumbai Indians,Feroz Shah Kotla,2010-03-17,Delhi Daredevils,field,Mumbai Indians,2009/10,120,9,Mumbai Indians
419115,92,10,7,7,2,Rajasthan Royals,M Chinnaswamy Stadium,2010-03-18,Royal Challengers Bangalore,field,Royal Challengers Bangalore,2009/10,93,0,Rajasthan Royals
419116,185,6,10,26,5,Delhi Daredevils,Feroz Shah Kotla,2010-03-19,Delhi Daredevils,bat,Chennai Super Kings,2009/10,190,5,Delhi Daredevils
419117,170,8,1,20,7,Deccan Chargers,Barabati Stadium,2010-03-19,Kings XI Punjab,field,Deccan Chargers,2009/10,164,8,Deccan Chargers
419118,168,7,8,22,2,Rajasthan Royals,Sardar Patel Stadium,2010-03-20,Rajasthan Royals,bat,Rajasthan Royals,2009/10,134,5,Rajasthan Royals
419119,151,9,14,18,2,Mumbai Indians,Brabourne Stadium,2010-03-20,Mumbai Indians,bat,Royal Challengers Bangalore,2009/10,155,3,Mumbai Indians
419120,171,6,2,24,9,Deccan Chargers,Barabati Stadium,2010-03-21,Deccan Chargers,bat,Deccan Chargers,2009/10,161,9,Deccan Chargers
419121,136,8,4,17,3,Kings XI Punjab,MA Chidambaram Stadium,2010-03-21,Chennai Super Kings,field,Unknown,2009/10,136,7,Kings XI Punjab
419122,155,3,15,17,2,Kolkata Knight Riders,Brabourne Stadium,2010-03-22,Kolkata Knight Riders,bat,Mumbai Indians,2009/10,156,3,Kolkata Knight Riders
419123,171,5,14,22,8,Royal Challengers Bangalore,M Chinnaswamy Stadium,2010-03-23,Chennai Super Kings,field,Royal Challengers Bangalore,2009/10,135,7,Royal Challengers Bangalore
419124,183,5,10,24,3,Rajasthan Royals,Punjab Cricket Association Stadium,2010-03-24,Kings XI Punjab,field,Rajasthan Royals,2009/10,152,10,Rajasthan Royals
419125,180,2,14,21,3,Chennai Super Kings,Brabourne Stadium,2010-03-25,Mumbai Indians,field,Mumbai Indians,2009/10,181,5,Chennai Super Kings
419126,148,9,11,14,6,Deccan Chargers,Sardar Patel Stadium,2010-03-26,Deccan Chargers,bat,Rajasthan Royals,2009/10,151,2,Deccan Chargers
419127,183,5,18,23,3,Kolkata Knight Riders,Punjab Cricket Association Stadium,2010-03-27,Kolkata Knight Riders,bat,Kolkata Knight Riders,2009/10,144,6,Kolkata Knight Riders
419128,183,4,8,20,5,Delhi Daredevils,M Chinnaswamy Stadium,2010-03-25,Royal Challengers Bangalore,field,Delhi Daredevils,2009/10,166,9,Delhi Daredevils
419129,177,8,3,22,7,Rajasthan Royals,Sardar Patel Stadium,2010-03-28,Rajasthan Royals,bat,Rajasthan Royals,2009/10,160,6,Rajasthan Royals
419130,172,7,10,27,3,Mumbai Indians,Dr DY Patil Sports Academy,2010-03-28,Deccan Chargers,field,Mumbai Indians,2009/10,131,10,Mumbai Indians
419131,177,4,4,22,7,Delhi Daredevils,Feroz Shah Kotla,2010-03-29,Delhi Daredevils,bat,Delhi Daredevils,2009/10,137,9,Delhi Daredevils
419132,163,10,21,15,1,Kings XI Punjab,Brabourne Stadium,2010-03-30,Mumbai Indians,field,Mumbai Indians,2009/10,164,6,Kings XI Punjab
419133,161,4,5,21,5,Royal Challengers Bangalore,MA Chidambaram Stadium,2010-03-31,Royal Challengers Bangalore,bat,Chennai Super Kings,2009/10,162,5,Royal Challengers Bangalore
419134,188,6,13,23,6,Delhi Daredevils,Feroz Shah Kotla,2010-03-31,Delhi Daredevils,bat,Delhi Daredevils,2009/10,121,10,Delhi Daredevils
419135,181,6,14,24,7,Kolkata Knight Riders,Eden Gardens,2010-04-01,Kolkata Knight Riders,bat,Kolkata Knight Riders,2009/10,157,5,Kolkata Knight Riders
419136,181,5,11,23,3,Kings XI Punjab,Punjab Cricket Association Stadium,2010-04-02,Kings XI Punjab,bat,Royal Challengers Bangalore,2009/10,184,4,Kings XI Punjab
419137,246,5,6,37,17,Chennai Super Kings,MA Chidambaram Stadium,2010-04-03,Chennai Super Kings,bat,Chennai Super Kings,2009/10,223,5,Chennai Super Kings
419138,178,5,7,21,5,Mumbai Indians,Brabourne Stadium,2010-04-03,Mumbai Indians,bat,Mumbai Indians,2009/10,115,10,Mumbai Indians
419139,200,3,13,26,10,Kolkata Knight Riders,Eden Gardens,2010-04-04,Kolkata Knight Riders,bat,Kings XI Punjab,2009/10,204,2,Kolkata Knight Riders
419140,184,5,8,25,11,Delhi Daredevils,Feroz Shah Kotla,2010-04-04,Delhi Daredevils,bat,Delhi Daredevils,2009/10,147,9,Delhi Daredevils
419141,159,10,12,18,4,Rajasthan Royals,Vidarbha Cricket Association Stadium,2010-04-05,Rajasthan Royals,bat,Rajasthan Royals,2009/10,157,10,Rajasthan Royals
419142,165,4,18,16,2,Chennai Super Kings,MA Chidambaram Stadium,2010-04-06,Chennai Super Kings,bat,Chennai Super Kings,2009/10,141,9,Chennai Super Kings
419143,153,6,9,17,4,Kings XI Punjab,Sawai Mansingh Stadium,2010-04-07,Kings XI Punjab,bat,Rajasthan Royals,2009/10,157,1,Kings XI Punjab
419144,181,3,7,23,6,Kolkata Knight Riders,Eden Gardens,2010-04-07,Kolkata Knight Riders,bat,Kolkata Knight Riders,2009/10,167,8,Kolkata Knight Riders
419145,184,6,15,24,8,Royal Challengers Bangalore,M Chinnaswamy Stadium,2010-04-08,Deccan Chargers,field,Deccan Chargers,2009/10,186,3,Royal Challengers Bangalore
419146,154,9,4,17,2,Mumbai Indians,Punjab Cricket Association Stadium,2010-04-09,Mumbai Indians,bat,Kings XI Punjab,2009/10,158,4,Mumbai Indians
419147,138,8,8,12,3,Chennai Super Kings,Vidarbha Cricket Association Stadium,2010-04-10,Chennai Super Kings,bat,Deccan Chargers,2009/10,139,4,Chennai Super Kings
419148,160,9,11,21,8,Kolkata Knight Riders,M Chinnaswamy Stadium,2010-04-10,Royal Challengers Bangalore,field,Royal Challengers Bangalore,2009/10,162,3,Kolkata Knight Riders
419149,111,10,18,8,0,Delhi Daredevils,Feroz Shah Kotla,2010-04-11,Delhi Daredevils,bat,Kings XI Punjab,2009/10,112,3,Delhi Daredevils
419150,174,5,12,23,3,Mumbai Indians,Sawai Mansingh Stadium,2010-04-11,Rajasthan Royals,field,Mumbai Indians,2009/10,137,8,Mumbai Indians
419151,151,6,9,16,5,Deccan Chargers,Vidarbha Cricket Association Stadium,2010-04-12,Royal Challengers Bangalore,field,Deccan Chargers,2009/10,138,10,Deccan Chargers
419152,183,4,10,21,7,Mumbai Indians,Brabourne Stadium,2010-04-13,Mumbai Indians,bat,Mumbai Indians,2009/10,144,7,Mumbai Indians
419153,139,8,20,14,5,Kolkata Knight Riders,MA Chidambaram Stadium,2010-04-13,Kolkata Knight Riders,bat,Chennai Super Kings,2009/10,143,1,Kolkata Knight Riders
419154,130,6,8,15,1,Rajasthan Royals,Sawai Mansingh Stadium,2010-04-14,Rajasthan Royals,bat,Royal Challengers Bangalore,2009/10,132,5,Rajasthan Royals
419155,112,9,8,11,1,Chennai Super Kings,MA Chidambaram Stadium,2010-04-15,Chennai Super Kings,bat,Delhi Daredevils,2009/10,113,4,Chennai Super Kings
419156,174,3,8,27,4,Kings XI Punjab,Himachal Pradesh Cricket Association Stadium,2010-04-16,Deccan Chargers,field,Deccan Chargers,2009/10,178,5,Kings XI Punjab
419157,191,4,15,24,10,Mumbai Indians,M Chinnaswamy Stadium,2010-04-17,Royal Challengers Bangalore,field,Mumbai Indians,2009/10,134,9,Mumbai Indians
419158,132,9,3,16,2,Rajasthan Royals,Eden Gardens,2010-04-17,Rajasthan Royals,bat,Kolkata Knight Riders,2009/10,133,2,Rajasthan Royals
419159,192,3,5,27,8,Kings XI Punjab,Himachal Pradesh Cricket Association Stadium,2010-04-18,Chennai Super Kings,field,Chennai Super Kings,2009/10,195,4,Kings XI Punjab
419160,145,7,3,18,6,Deccan Chargers,Feroz Shah Kotla,2010-04-18,Deccan Chargers,bat,Deccan Chargers,2009/10,134,7,Deccan Chargers
419161,133,8,6,14,2,Mumbai Indians,Eden Gardens,2010-04-19,Mumbai Indians,bat,Kolkata Knight Riders,2009/10,135,1,Mumbai Indians
419162,184,5,13,21,7,Mumbai Indians,Dr DY Patil Sports Academy,2010-04-21,Mumbai Indians,bat,Mumbai Indians,2009/10,149,9,Mumbai Indians
419163,142,7,16,15,4,Chennai Super Kings,Dr DY Patil Sports Academy,2010-04-22,Chennai Super Kings,bat,Chennai Super Kings,2009/10,104,10,Chennai Super Kings
419164,82,10,4,10,2,Deccan Chargers,Dr DY Patil Sports Academy,2010-04-24,Deccan Chargers,bat,Royal Challengers Bangalore,2009/10,86,1,Deccan Chargers
419165,168,5,11,19,8,Chennai Super Kings,Dr DY Patil Sports Academy,2010-04-25,Chennai Super Kings,bat,Chennai Super Kings,2009/10,146,9,Chennai Super Kings
501198,153,4,3,18,4,Chennai Super Kings,MA Chidambaram Stadium,2011-04-08,Chennai Super Kings,bat,Chennai Super Kings,2011,151,7,Chennai Super Kings
501199,137,8,4,16,5,Deccan Chargers,Rajiv Gandhi International Stadium,2011-04-09,Rajasthan Royals,field,Rajasthan Royals,2011,141,2,Deccan Chargers
501200,161,5,11,18,5,Kochi Tuskers Kerala,Nehru Stadium,2011-04-09,Kochi Tuskers Kerala,bat,Royal Challengers Bangalore,2011,162,4,Kochi Tuskers Kerala
501201,95,10,4,11,2,Delhi Daredevils,Feroz Shah Kotla,2011-04-10,Delhi Daredevils,bat,Mumbai Indians,2011,99,2,Delhi Daredevils
501202,112,8,10,13,1,Kings XI Punjab,Dr DY Patil Sports Academy,2011-04-10,Kings XI Punjab,bat,Pune Warriors,2011,113,3,Kings XI Punjab
501203,163,4,10,23,3,Kolkata Knight Riders,Eden Gardens,2011-04-11,Kolkata Knight Riders,bat,Kolkata Knight Riders,2011,154,8,Kolkata Knight Riders
501204,151,6,9,20,6,Delhi Daredevils,Sawai Mansingh Stadium,2011-04-12,Delhi Daredevils,bat,Rajasthan Royals,2011,152,4,Delhi Daredevils
501205,140,4,15,15,3,Royal Challengers Bangalore,M Chinnaswamy Stadium,2011-04-12,Mumbai Indians,field,Mumbai Indians,2011,143,1,Royal Challengers Bangalore
501206,188,4,5,24,6,Chennai Super Kings,Punjab Cricket Association Stadium,2011-04-13,Kings XI Punjab,field,Kings XI Punjab,2011,193,4,Chennai Super Kings
501207,148,8,11,17,5,Kochi Tuskers Kerala,Dr DY Patil Sports Academy,2011-04-13,Kochi Tuskers Kerala,bat,Pune Warriors,2011,151,6,Kochi Tuskers Kerala
501208,175,5,7,23,6,Deccan Chargers,Rajiv Gandhi International Stadium,2011-04-14,Royal Challengers Bangalore,field,Deccan Chargers,2011,142,9,Deccan Chargers
501209,159,4,19,15,5,Rajasthan Royals,Sawai Mansingh Stadium,2011-04-15,Kolkata Knight Riders,field,Kolkata Knight Riders,2011,160,1,Rajasthan Royals
501210,182,2,17,23,7,Mumbai Indians,Wankhede Stadium,2011-04-15,Kochi Tuskers Kerala,field,Kochi Tuskers Kerala,2011,184,2,Mumbai Indians
501211,183,5,4,25,5,Chennai Super Kings,MA Chidambaram Stadium,2011-04-16,Chennai Super Kings,bat,Chennai Super Kings,2011,162,7,Chennai Super Kings
501212,165,8,5,20,3,Deccan Chargers,Rajiv Gandhi International Stadium,2011-04-16,Kings XI Punjab,field,Kings XI Punjab,2011,166,2,Deccan Chargers
501213,187,5,8,24,11,Pune Warriors,Dr DY Patil Sports Academy,2011-04-17,Delhi Daredevils,field,Delhi Daredevils,2011,190,7,Pune Warriors
501214,81,10,5,7,1,Rajasthan Royals,Eden Gardens,2011-04-17,Kolkata Knight Riders,field,Kolkata Knight Riders,2011,85,2,Rajasthan Royals
501215,131,4,3,18,3,Chennai Super Kings,Nehru Stadium,2011-04-18,Kochi Tuskers Kerala,field,Kochi Tuskers Kerala,2011,135,3,Chennai Super Kings
501216,168,4,5,23,3,Deccan Chargers,Feroz Shah Kotla,2011-04-19,Deccan Chargers,bat,Deccan Chargers,2011,152,7,Deccan Chargers
501218,118,10,12,15,2,Pune Warriors,Wankhede Stadium,2011-04-20,Pune Warriors,bat,Mumbai Indians,2011,124,3,Pune Warriors
501219,132,7,8,16,5,Kochi Tuskers Kerala,Eden Gardens,2011-04-20,Kolkata Knight Riders,field,Kochi Tuskers Kerala,2011,126,9,Kochi Tuskers Kerala
501220,195,7,17,26,7,Kings XI Punjab,Punjab Cricket Association Stadium,2011-04-21,Rajasthan Royals,field,Kings XI Punjab,2011,147,7,Kings XI Punjab
501221,164,4,14,21,7,Mumbai Indians,Wankhede Stadium,2011-04-22,Chennai Super Kings,field,Mumbai Indians,2011,156,9,Mumbai Indians
501222,171,5,13,19,4,Kolkata Knight Riders,Eden Gardens,2011-04-22,Royal Challengers Bangalore,field,Royal Challengers Bangalore,2011,175,1,Kolkata Knight Riders
501223,231,4,16,32,12,Delhi Daredevils,Feroz Shah Kotla,2011-04-23,Kings XI Punjab,field,Delhi Daredevils,2011,202,6,Delhi Daredevils
501224,172,4,5,23,5,Mumbai Indians,Rajiv Gandhi International Stadium,2011-04-24,Deccan Chargers,field,Mumbai Indians,2011,135,8,Mumbai Indians
501225,109,10,9,8,0,Kochi Tuskers Kerala,Sawai Mansingh Stadium,2011-04-24,Rajasthan Royals,field,Rajasthan Royals,2011,111,2,Kochi Tuskers Kerala
501226,142,6,4,14,4,Chennai Super Kings,MA Chidambaram Stadium,2011-04-25,Pune Warriors,field,Chennai Super Kings,2011,117,9,Chennai Super Kings
501227,160,6,13,18,5,Delhi Daredevils,Feroz Shah Kotla,2011-04-26,Royal Challengers Bangalore,field,Royal Challengers Bangalore,2011,161,7,Delhi Daredevils
501228,141,6,5,17,6,Pune Warriors,Dr DY Patil Sports Academy,2011-04-27,Pune Warriors,bat,Chennai Super Kings,2011,145,2,Pune Warriors
501229,129,7,7,14,1,Deccan Chargers,Nehru Stadium,2011-04-27,Kochi Tuskers Kerala,field,Deccan Chargers,2011,74,10,Deccan Chargers
501230,148,7,8,16,4,Kolkata Knight Riders,Feroz Shah Kotla,2011-04-28,Delhi Daredevils,field,Kolkata Knight Riders,2011,131,9,Kolkata Knight Riders
501231,94,8,7,6,2,Mumbai Indians,Sawai Mansingh Stadium,2011-04-29,Rajasthan Royals,field,Rajasthan Royals,2011,95,3,Mumbai Indians
501232,181,5,2,23,10,Royal Challengers Bangalore,M Chinnaswamy Stadium,2011-04-29,Pune Warriors,field,Royal Challengers Bangalore,2011,155,5,Royal Challengers Bangalore
501233,157,7,16,19,7,Delhi Daredevils,Nehru Stadium,2011-04-30,Delhi Daredevils,bat,Delhi Daredevils,2011,119,10,Delhi Daredevils
501234,119,6,6,13,1,Kings XI Punjab,Eden Gardens,2011-04-30,Kolkata Knight Riders,field,Kolkata Knight Riders,2011,120,2,Kings XI Punjab
501235,143,7,5,17,2,Pune Warriors,Sawai Mansingh Stadium,2011-05-01,Rajasthan Royals,field,Rajasthan Royals,2011,144,4,Pune Warriors
501236,165,5,9,19,6,Chennai Super Kings,MA Chidambaram Stadium,2011-05-01,Chennai Super Kings,bat,Chennai Super Kings,2011,146,8,Chennai Super Kings
501237,159,5,5,21,4,Mumbai Indians,Wankhede Stadium,2011-05-02,Kings XI Punjab,field,Mumbai Indians,2011,136,8,Mumbai Indians
501238,140,6,7,18,2,Delhi Daredevils,Feroz Shah Kotla,2011-05-02,Kochi Tuskers Kerala,field,Kochi Tuskers Kerala,2011,141,3,Delhi Daredevils
501239,169,4,10,19,6,Kolkata Knight Riders,Rajiv Gandhi International Stadium,2011-05-03,Deccan Chargers,field,Kolkata Knight Riders,2011,149,6,Kolkata Knight Riders
501240,147,6,7,18,0,Rajasthan Royals,MA Chidambaram Stadium,2011-05-04,Rajasthan Royals,bat,Chennai Super Kings,2011,149,2,Rajasthan Royals
501241,160,7,15,19,6,Mumbai Indians,Dr DY Patil Sports Academy,2011-05-04,Pune Warriors,field,Mumbai Indians,2011,139,7,Mumbai Indians
501242,156,5,6,17,4,Kochi Tuskers Kerala,Nehru Stadium,2011-05-05,Kolkata Knight Riders,field,Kochi Tuskers Kerala,2011,139,7,Kochi Tuskers Kerala
501243,175,5,10,22,4,Deccan Chargers,Rajiv Gandhi International Stadium,2011-05-05,Delhi Daredevils,field,Delhi Daredevils,2011,179,6,Deccan Chargers
501244,205,6,6,34,11,Royal Challengers Bangalore,M Chinnaswamy Stadium,2011-05-06,Kings XI Punjab,field,Royal Challengers Bangalore,2011,120,9,Royal Challengers Bangalore
501245,114,4,6,8,2,Chennai Super Kings,Eden Gardens,2011-05-07,Chennai Super Kings,bat,Kolkata Knight Riders,2011,61,2,Chennai Super Kings
501246,178,4,6,26,5,Mumbai Indians,Wankhede Stadium,2011-05-07,Delhi Daredevils,field,Mumbai Indians,2011,146,10,Mumbai Indians
501247,125,9,10,12,0,Kochi Tuskers Kerala,M Chinnaswamy Stadium,2011-05-08,Kochi Tuskers Kerala,bat,Royal Challengers Bangalore,2011,128,1,Kochi Tuskers Kerala
501248,119,8,4,13,1,Kings XI Punjab,Punjab Cricket Association Stadium,2011-05-08,Kings XI Punjab,bat,Pune Warriors,2011,120,5,Kings XI Punjab
501249,196,3,8,25,6,Chennai Super Kings,Sawai Mansingh Stadium,2011-05-09,Rajasthan Royals,field,Chennai Super Kings,2011,133,10,Chennai Super Kings
501250,136,8,1,13,2,Deccan Chargers,Rajiv Gandhi International Stadium,2011-05-10,Deccan Chargers,bat,Pune Warriors,2011,137,4,Deccan Chargers
501251,163,8,22,18,3,Kings XI Punjab,Punjab Cricket Association Stadium,2011-05-10,Mumbai Indians,field,Kings XI Punjab,2011,87,10,Kings XI Punjab
501252,146,6,11,15,3,Rajasthan Royals,Sawai Mansingh Stadium,2011-05-11,Royal Challengers Bangalore,field,Royal Challengers Bangalore,2011,151,1,Rajasthan Royals
501253,176,4,4,23,8,Chennai Super Kings,MA Chidambaram Stadium,2011-05-12,Chennai Super Kings,bat,Chennai Super Kings,2011,158,6,Chennai Super Kings
501254,178,7,23,19,7,Kochi Tuskers Kerala,Holkar Cricket Stadium,2011-05-13,Kings XI Punjab,field,Kings XI Punjab,2011,181,4,Kochi Tuskers Kerala
501255,89,4,7,10,3,Kolkata Knight Riders,M Chinnaswamy Stadium,2011-05-14,Royal Challengers Bangalore,field,Royal Challengers Bangalore,2011,105,6,Kolkata Knight Riders
501256,135,6,7,13,4,Deccan Chargers,Wankhede Stadium,2011-05-14,Deccan Chargers,bat,Deccan Chargers,2011,125,8,Deccan Chargers
501257,170,6,9,26,6,Kings XI Punjab,Himachal Pradesh Cricket Association Stadium,2011-05-15,Delhi Daredevils,field,Kings XI Punjab,2011,141,8,Kings XI Punjab
501258,97,10,3,13,4,Rajasthan Royals,Holkar Cricket Stadium,2011-05-15,Kochi Tuskers Kerala,field,Kochi Tuskers Kerala,2011,98,2,Rajasthan Royals
501259,136,9,3,17,7,Pune Warriors,Dr DY Patil Sports Academy,2011-05-16,Deccan Chargers,field,Deccan Chargers,2011,138,4,Pune Warriors
501260,232,2,27,32,15,Kings XI Punjab,Himachal Pradesh Cricket Association Stadium,2011-05-17,Kings XI Punjab,bat,Kings XI Punjab,2011,121,10,Kings XI Punjab
501261,152,5,4,16,6,Chennai Super Kings,MA Chidambaram Stadium,2011-05-18,Chennai Super Kings,bat,Chennai Super Kings,2011,141,5,Chennai Super Kings
501262,118,7,12,11,1,Pune Warriors,Dr DY Patil Sports Academy,2011-05-19,Kolkata Knight Riders,field,Kolkata Knight Riders,2011,119,3,Pune Warriors
501263,133,5,5,14,1,Mumbai Indians,Wankhede Stadium,2011-05-20,Mumbai Indians,bat,Rajasthan Royals,2011,134,0,Mumbai Indians
501264,198,2,16,23,4,Deccan Chargers,Himachal Pradesh Cricket Association Stadium,2011-05-21,Kings XI Punjab,field,Deccan Chargers,2011,116,10,Deccan Chargers
501266,128,8,10,14,7,Chennai Super Kings,M Chinnaswamy Stadium,2011-05-22,Royal Challengers Bangalore,field,Royal Challengers Bangalore,2011,129,2,Chennai Super Kings
501267,175,7,6,23,7,Kolkata Knight Riders,Eden Gardens,2011-05-22,Mumbai Indians,field,Mumbai Indians,2011,178,5,Kolkata Knight Riders
501268,175,4,14,20,7,Royal Challengers Bangalore,Wankhede Stadium,2011-05-24,Chennai Super Kings,field,Chennai Super Kings,2011,177,4,Royal Challengers Bangalore
501269,147,7,6,18,3,Kolkata Knight Riders,Wankhede Stadium,2011-05-25,Mumbai Indians,field,Mumbai Indians,2011,148,6,Kolkata Knight Riders
501270,185,4,14,21,8,Royal Challengers Bangalore,MA Chidambaram Stadium,2011-05-27,Mumbai Indians,field,Royal Challengers Bangalore,2011,142,8,Royal Challengers Bangalore
501271,205,5,9,20,13,Chennai Super Kings,MA Chidambaram Stadium,2011-05-28,Chennai Super Kings,bat,Chennai Super Kings,2011,147,8,Chennai Super Kings
548306,112,10,12,7,1,Chennai Super Kings,MA Chidambaram Stadium,2012-04-04,Mumbai Indians,field,Mumbai Indians,2012,115,3,Chennai Super Kings
548307,97,9,7,11,5,Kolkata Knight Riders,Eden Gardens,2012-04-05,Delhi Daredevils,field,Delhi Daredevils,2012,100,2,Kolkata Knight Riders
548308,129,9,8,12,1,Pune Warriors,Wankhede Stadium,2012-04-06,Mumbai Indians,field,Pune Warriors,2012,101,9,Pune Warriors
548309,191,4,19,26,3,Rajasthan Royals,Sawai Mansingh Stadium,2012-04-06,Kings XI Punjab,field,Rajasthan Royals,2012,160,9,Rajasthan Royals
548310,157,8,6,19,5,Royal Challengers Bangalore,M Chinnaswamy Stadium,2012-04-07,Delhi Daredevils,field,Royal Challengers Bangalore,2012,137,7,Royal Challengers Bangalore
548311,193,6,11,22,12,Chennai Super Kings,Dr. Y.S. Rajasekhara Reddy ACA-VDCA Cricket Stadium,2012-04-07,Deccan Chargers,field,Chennai Super Kings,2012,119,10,Chennai Super Kings
548312,164,5,3,19,6,Rajasthan Royals,Sawai Mansingh Stadium,2012-04-08,Kolkata Knight Riders,field,Rajasthan Royals,2012,142,10,Rajasthan Royals
548313,166,6,12,18,8,Pune Warriors,Maharashtra Cricket Association Stadium,2012-04-08,Pune Warriors,bat,Pune Warriors,2012,144,8,Pune Warriors
548314,138,9,5,14,8,Deccan Chargers,Dr. Y.S. Rajasekhara Reddy ACA-VDCA Cricket Stadium,2012-04-09,Deccan Chargers,bat,Mumbai Indians,2012,142,5,Deccan Chargers
548315,165,8,6,21,6,Kolkata Knight Riders,M Chinnaswamy Stadium,2012-04-10,Royal Challengers Bangalore,field,Kolkata Knight Riders,2012,123,9,Kolkata Knight Riders
548316,110,8,6,10,3,Chennai Super Kings,Feroz Shah Kotla,2012-04-10,Delhi Daredevils,field,Delhi Daredevils,2012,111,2,Chennai Super Kings
548317,197,6,6,26,12,Mumbai Indians,Wankhede Stadium,2012-04-11,Rajasthan Royals,field,Mumbai Indians,2012,170,10,Mumbai Indians
548318,205,8,16,26,12,Royal Challengers Bangalore,MA Chidambaram Stadium,2012-04-12,Royal Challengers Bangalore,bat,Chennai Super Kings,2012,208,5,Royal Challengers Bangalore
548319,115,10,12,12,2,Pune Warriors,Punjab Cricket Association Stadium,2012-04-12,Kings XI Punjab,field,Kings XI Punjab,2012,116,3,Pune Warriors
548320,131,5,10,15,2,Rajasthan Royals,Eden Gardens,2012-04-13,Rajasthan Royals,bat,Kolkata Knight Riders,2012,137,5,Rajasthan Royals
548321,157,8,6,18,3,Deccan Chargers,Feroz Shah Kotla,2012-04-19,Deccan Chargers,bat,Delhi Daredevils,2012,162,5,Deccan Chargers
548322,155,5,6,17,4,Chennai Super Kings,Maharashtra Cricket Association Stadium,2012-04-14,Chennai Super Kings,bat,Pune Warriors,2012,156,3,Chennai Super Kings
548323,134,9,7,12,5,Kings XI Punjab,Eden Gardens,2012-04-15,Kolkata Knight Riders,field,Kings XI Punjab,2012,132,7,Kings XI Punjab
548324,195,2,6,29,10,Rajasthan Royals,M Chinnaswamy Stadium,2012-04-15,Rajasthan Royals,bat,Rajasthan Royals,2012,136,10,Rajasthan Royals
548325,92,10,9,11,1,Mumbai Indians,Wankhede Stadium,2012-04-16,Delhi Daredevils,field,Delhi Daredevils,2012,93,3,Mumbai Indians
548326,196,2,13,25,7,Deccan Chargers,Sawai Mansingh Stadium,2012-04-17,Deccan Chargers,bat,Rajasthan Royals,2012,197,5,Deccan Chargers
548327,182,6,7,22,7,Pune Warriors,M Chinnaswamy Stadium,2012-04-17,Pune Warriors,bat,Royal Challengers Bangalore,2012,186,4,Pune Warriors
548328,124,7,3,10,1,Kings XI Punjab,Punjab Cricket Association Stadium,2012-04-18,Kings XI Punjab,bat,Kolkata Knight Riders,2012,127,2,Kings XI Punjab
548329,187,4,2,30,7,Deccan Chargers,Rajiv Gandhi International Stadium,2012-05-10,Deccan Chargers,bat,Delhi Daredevils,2012,193,1,Deccan Chargers
548330,164,5,2,20,5,Chennai Super Kings,MA Chidambaram Stadium,2012-04-19,Pune Warriors,field,Chennai Super Kings,2012,151,7,Chennai Super Kings
548331,163,6,8,16,3,Kings XI Punjab,Punjab Cricket Association Stadium,2012-04-20,Royal Challengers Bangalore,field,Royal Challengers Bangalore,2012,166,5,Kings XI Punjab
548332,146,4,14,17,5,Rajasthan Royals,MA Chidambaram Stadium,2012-04-21,Rajasthan Royals,bat,Chennai Super Kings,2012,147,3,Rajasthan Royals
548333,192,3,15,26,7,Pune Warriors,Feroz Shah Kotla,2012-04-21,Delhi Daredevils,field,Pune Warriors,2012,172,7,Pune Warriors
548334,163,6,6,20,4,Mumbai Indians,Wankhede Stadium,2012-04-22,Mumbai Indians,bat,Kings XI Punjab,2012,164,4,Mumbai Indians
548335,126,7,3,11,2,Deccan Chargers,Barabati Stadium,2012-04-22,Kolkata Knight Riders,field,Kolkata Knight Riders,2012,127,5,Deccan Chargers
548336,189,3,19,23,6,Royal Challengers Bangalore,Sawai Mansingh Stadium,2012-04-23,Rajasthan Royals,field,Royal Challengers Bangalore,2012,143,7,Royal Challengers Bangalore
548337,146,2,5,16,3,Pune Warriors,Maharashtra Cricket Association Stadium,2012-04-24,Pune Warriors,bat,Delhi Daredevils,2012,148,2,Pune Warriors
548339,168,3,10,19,7,Kings XI Punjab,Punjab Cricket Association Stadium,2012-04-25,Kings XI Punjab,bat,Mumbai Indians,2012,171,6,Kings XI Punjab
548341,177,4,11,19,8,Deccan Chargers,Maharashtra Cricket Association Stadium,2012-04-26,Deccan Chargers,bat,Deccan Chargers,2012,159,7,Deccan Chargers
548342,207,5,9,31,9,Delhi Daredevils,Feroz Shah Kotla,2012-04-27,Mumbai Indians,field,Delhi Daredevils,2012,170,9,Delhi Daredevils
548343,156,8,5,18,4,Kings XI Punjab,MA Chidambaram Stadium,2012-04-28,Kings XI Punjab,bat,Kings XI Punjab,2012,149,8,Kings XI Punjab
548344,190,4,5,27,9,Kolkata Knight Riders,Eden Gardens,2012-04-28,Kolkata Knight Riders,bat,Kolkata Knight Riders,2012,143,6,Kolkata Knight Riders
548345,152,6,8,18,5,Delhi Daredevils,Feroz Shah Kotla,2012-04-29,Delhi Daredevils,bat,Delhi Daredevils,2012,151,3,Delhi Daredevils
548346,100,10,5,10,2,Deccan Chargers,Wankhede Stadium,2012-04-29,Mumbai Indians,field,Mumbai Indians,2012,101,5,Deccan Chargers
548347,139,5,6,10,2,Chennai Super Kings,MA Chidambaram Stadium,2012-04-30,Chennai Super Kings,bat,Kolkata Knight Riders,2012,140,5,Chennai Super Kings
548348,186,4,11,22,6,Deccan Chargers,Barabati Stadium,2012-05-01,Deccan Chargers,bat,Deccan Chargers,2012,173,5,Deccan Chargers
548349,141,6,5,17,1,Rajasthan Royals,Sawai Mansingh Stadium,2012-05-01,Rajasthan Royals,bat,Delhi Daredevils,2012,144,4,Rajasthan Royals
548350,158,5,6,19,8,Royal Challengers Bangalore,M Chinnaswamy Stadium,2012-05-02,Kings XI Punjab,field,Kings XI Punjab,2012,163,6,Royal Challengers Bangalore
548351,120,9,11,12,2,Mumbai Indians,Maharashtra Cricket Association Stadium,2012-05-03,Mumbai Indians,bat,Mumbai Indians,2012,119,6,Mumbai Indians
548352,160,6,8,13,4,Chennai Super Kings,MA Chidambaram Stadium,2012-05-04,Chennai Super Kings,bat,Chennai Super Kings,2012,150,5,Chennai Super Kings
548353,150,5,19,13,4,Kolkata Knight Riders,Eden Gardens,2012-05-05,Kolkata Knight Riders,bat,Kolkata Knight Riders,2012,143,8,Kolkata Knight Riders
548354,177,6,6,24,6,Rajasthan Royals,Punjab Cricket Association Stadium,2012-05-05,Rajasthan Royals,bat,Rajasthan Royals,2012,134,8,Rajasthan Royals
548355,173,8,9,21,8,Chennai Super Kings,Wankhede Stadium,2012-05-06,Mumbai Indians,field,Mumbai Indians,2012,174,8,Chennai Super Kings
548356,181,2,6,24,9,Deccan Chargers,M Chinnaswamy Stadium,2012-05-06,Royal Challengers Bangalore,field,Royal Challengers Bangalore,2012,185,5,Deccan Chargers
548357,153,9,14,17,4,Delhi Daredevils,Feroz Shah Kotla,2012-05-07,Delhi Daredevils,bat,Kolkata Knight Riders,2012,154,4,Delhi Daredevils
548358,125,6,10,8,2,Pune Warriors,Maharashtra Cricket Association Stadium,2012-05-08,Pune Warriors,bat,Rajasthan Royals,2012,126,3,Pune Warriors
548359,170,5,7,22,5,Kings XI Punjab,Rajiv Gandhi International Stadium,2012-05-08,Deccan Chargers,field,Kings XI Punjab,2012,145,8,Kings XI Punjab
548360,141,6,7,15,3,Mumbai Indians,Wankhede Stadium,2012-05-09,Royal Challengers Bangalore,field,Royal Challengers Bangalore,2012,142,1,Mumbai Indians
548361,126,6,12,14,2,Rajasthan Royals,Sawai Mansingh Stadium,2012-05-10,Chennai Super Kings,field,Chennai Super Kings,2012,127,6,Rajasthan Royals
548362,173,3,9,22,9,Royal Challengers Bangalore,Maharashtra Cricket Association Stadium,2012-05-11,Pune Warriors,field,Royal Challengers Bangalore,2012,138,9,Royal Challengers Bangalore
548363,182,1,5,26,7,Mumbai Indians,Eden Gardens,2012-05-12,Mumbai Indians,bat,Mumbai Indians,2012,155,4,Mumbai Indians
548364,114,5,7,7,3,Delhi Daredevils,MA Chidambaram Stadium,2012-05-12,Chennai Super Kings,field,Chennai Super Kings,2012,115,1,Delhi Daredevils
548365,170,4,3,22,4,Rajasthan Royals,Sawai Mansingh Stadium,2012-05-13,Rajasthan Royals,bat,Rajasthan Royals,2012,125,9,Rajasthan Royals
548366,190,4,9,22,6,Deccan Chargers,Punjab Cricket Association Stadium,2012-05-13,Deccan Chargers,bat,Kings XI Punjab,2012,194,6,Deccan Chargers
548367,171,6,14,20,8,Royal Challengers Bangalore,M Chinnaswamy Stadium,2012-05-14,Mumbai Indians,field,Mumbai Indians,2012,173,5,Royal Challengers Bangalore
548368,158,6,3,20,7,Kolkata Knight Riders,Eden Gardens,2012-05-14,Chennai Super Kings,field,Chennai Super Kings,2012,160,5,Kolkata Knight Riders
548369,136,8,4,20,1,Kings XI Punjab,Feroz Shah Kotla,2012-05-15,Kings XI Punjab,bat,Delhi Daredevils,2012,140,5,Kings XI Punjab
548370,140,7,14,15,3,Kolkata Knight Riders,Wankhede Stadium,2012-05-16,Mumbai Indians,field,Kolkata Knight Riders,2012,108,10,Kolkata Knight Riders
548371,120,7,4,15,6,Chennai Super Kings,Himachal Pradesh Cricket Association Stadium,2012-05-17,Kings XI Punjab,field,Kings XI Punjab,2012,123,4,Chennai Super Kings
548372,215,1,4,32,14,Royal Challengers Bangalore,Feroz Shah Kotla,2012-05-17,Delhi Daredevils,field,Royal Challengers Bangalore,2012,194,9,Royal Challengers Bangalore
548373,126,8,7,12,2,Rajasthan Royals,Rajiv Gandhi International Stadium,2012-05-18,Rajasthan Royals,bat,Deccan Chargers,2012,128,5,Rajasthan Royals
548374,141,8,8,20,4,Kings XI Punjab,Himachal Pradesh Cricket Association Stadium,2012-05-19,Delhi Daredevils,field,Delhi Daredevils,2012,145,4,Kings XI Punjab
548375,136,4,7,14,2,Kolkata Knight Riders,Maharashtra Cricket Association Stadium,2012-05-19,Kolkata Knight Riders,bat,Kolkata Knight Riders,2012,102,8,Kolkata Knight Riders
548376,132,7,10,12,5,Deccan Chargers,Rajiv Gandhi International Stadium,2012-05-20,Royal Challengers Bangalore,field,Deccan Chargers,2012,123,9,Deccan Chargers
548377,162,6,14,19,6,Rajasthan Royals,Sawai Mansingh Stadium,2012-05-20,Rajasthan Royals,bat,Mumbai Indians,2012,163,0,Rajasthan Royals
548378,162,4,4,20,6,Kolkata Knight Riders,Maharashtra Cricket Association Stadium,2012-05-22,Kolkata Knight Riders,bat,Kolkata Knight Riders,2012,144,8,Kolkata Knight Riders
548379,187,5,5,29,6,Chennai Super Kings,M Chinnaswamy Stadium,2012-05-23,Mumbai Indians,field,Chennai Super Kings,2012,149,9,Chennai Super Kings
548380,222,5,6,33,9,Chennai Super Kings,MA Chidambaram Stadium,2012-05-25,Delhi Daredevils,field,Chennai Super Kings,2012,136,10,Chennai Super Kings
548381,190,3,7,21,8,Chennai Super Kings,MA Chidambaram Stadium,2012-05-27,Chennai Super Kings,bat,Kolkata Knight Riders,2012,192,5,Chennai Super Kings
597998,128,10,5,16,1,Delhi Daredevils,Eden Gardens,2013-04-03,Kolkata Knight Riders,field,Kolkata Knight Riders,2013,129,4,Delhi Daredevils
597999,156,5,16,24,6,Royal Challengers Bangalore,M Chinnaswamy Stadium,2013-04-04,Mumbai Indians,field,Royal Challengers Bangalore,2013,154,5,Royal Challengers Bangalore
598000,126,6,3,13,1,Sunrisers Hyderabad,Rajiv Gandhi International Stadium,2013-04-05,Pune Warriors,field,Sunrisers Hyderabad,2013,104,10,Sunrisers Hyderabad
598001,165,7,9,19,5,Rajasthan Royals,Feroz Shah Kotla,2013-04-06,Rajasthan Royals,bat,Rajasthan Royals,2013,160,6,Rajasthan Royals
598002,148,6,9,17,7,Mumbai Indians,MA Chidambaram Stadium,2013-04-06,Mumbai Indians,bat,Mumbai Indians,2013,139,9,Mumbai Indians
598003,99,9,3,11,1,Pune Warriors,Maharashtra Cricket Association Stadium,2013-04-07,Pune Warriors,bat,Kings XI Punjab,2013,100,2,Pune Warriors
598004,130,8,8,13,1,Royal Challengers Bangalore,Rajiv Gandhi International Stadium,2013-04-07,Royal Challengers Bangalore,bat,Unknown,2013,130,7,Royal Challengers Bangalore
598005,144,6,9,19,2,Rajasthan Royals,Sawai Mansingh Stadium,2013-04-08,Kolkata Knight Riders,field,Rajasthan Royals,2013,125,10,Rajasthan Royals
598006,209,5,10,31,10,Mumbai Indians,Wankhede Stadium,2013-04-09,Mumbai Indians,bat,Mumbai Indians,2013,165,9,Mumbai Indians
598007,138,10,8,16,1,Kings XI Punjab,Punjab Cricket Association Stadium,2013-04-10,Chennai Super Kings,field,Chennai Super Kings,2013,139,0,Kings XI Punjab
598008,154,8,6,20,2,Kolkata Knight Riders,M Chinnaswamy Stadium,2013-04-11,Royal Challengers Bangalore,field,Royal Challengers Bangalore,2013,158,2,Kolkata Knight Riders
598009,145,5,7,18,1,Rajasthan Royals,Maharashtra Cricket Association Stadium,2013-04-11,Rajasthan Royals,bat,Pune Warriors,2013,148,3,Rajasthan Royals
598010,114,8,7,10,3,Delhi Daredevils,Feroz Shah Kotla,2013-04-12,Delhi Daredevils,bat,Sunrisers Hyderabad,2013,115,7,Delhi Daredevils
598011,183,3,3,25,8,Mumbai Indians,Wankhede Stadium,2013-04-13,Mumbai Indians,bat,Mumbai Indians,2013,142,8,Mumbai Indians
598012,165,6,8,17,4,Royal Challengers Bangalore,MA Chidambaram Stadium,2013-04-13,Chennai Super Kings,field,Chennai Super Kings,2013,166,6,Royal Challengers Bangalore
598013,180,4,8,26,4,Kolkata Knight Riders,Eden Gardens,2013-04-14,Kolkata Knight Riders,bat,Kolkata Knight Riders,2013,132,7,Kolkata Knight Riders
598014,124,10,10,14,2,Kings XI Punjab,Sawai Mansingh Stadium,2013-04-14,Rajasthan Royals,field,Rajasthan Royals,2013,126,4,Kings XI Punjab
598015,159,5,8,21,5,Pune Warriors,MA Chidambaram Stadium,2013-04-15,Pune Warriors,bat,Pune Warriors,2013,135,8,Pune Warriors
598016,157,9,6,19,3,Kings XI Punjab,Punjab Cricket Association Stadium,2013-04-16,Kolkata Knight Riders,field,Kings XI Punjab,2013,153,9,Kings XI Punjab
598017,152,5,5,19,2,Delhi Daredevils,M Chinnaswamy Stadium,2013-04-16,Royal Challengers Bangalore,field,Unknown,2013,152,7,Delhi Daredevils
598018,119,8,5,11,2,Sunrisers Hyderabad,Maharashtra Cricket Association Stadium,2013-04-17,Pune Warriors,field,Sunrisers Hyderabad,2013,108,10,Sunrisers Hyderabad
598019,179,3,15,22,5,Rajasthan Royals,Sawai Mansingh Stadium,2013-04-17,Rajasthan Royals,bat,Rajasthan Royals,2013,92,10,Rajasthan Royals
598020,169,4,9,22,3,Chennai Super Kings,Feroz Shah Kotla,2013-04-18,Chennai Super Kings,bat,Chennai Super Kings,2013,83,10,Chennai Super Kings
598021,123,9,7,13,4,Kings XI Punjab,Rajiv Gandhi International Stadium,2013-04-19,Kings XI Punjab,bat,Sunrisers Hyderabad,2013,127,5,Kings XI Punjab
598022,119,9,4,14,4,Kolkata Knight Riders,Eden Gardens,2013-04-20,Kolkata Knight Riders,bat,Chennai Super Kings,2013,124,6,Kolkata Knight Riders
598023,117,10,0,16,2,Rajasthan Royals,M Chinnaswamy Stadium,2013-04-20,Royal Challengers Bangalore,field,Royal Challengers Bangalore,2013,123,3,Rajasthan Royals
598024,161,4,3,19,8,Mumbai Indians,Feroz Shah Kotla,2013-04-21,Mumbai Indians,bat,Delhi Daredevils,2013,165,1,Mumbai Indians
598025,185,4,8,26,6,Pune Warriors,Punjab Cricket Association Stadium,2013-04-21,Kings XI Punjab,field,Kings XI Punjab,2013,186,3,Pune Warriors
598026,185,4,10,19,7,Rajasthan Royals,MA Chidambaram Stadium,2013-04-22,Rajasthan Royals,bat,Chennai Super Kings,2013,186,5,Rajasthan Royals
598027,263,5,11,42,21,Royal Challengers Bangalore,M Chinnaswamy Stadium,2013-04-23,Pune Warriors,field,Royal Challengers Bangalore,2013,133,9,Royal Challengers Bangalore
598028,171,4,9,25,7,Kings XI Punjab,Himachal Pradesh Cricket Association Stadium,2013-05-16,Delhi Daredevils,field,Kings XI Punjab,2013,164,7,Kings XI Punjab
598029,159,6,6,20,4,Kolkata Knight Riders,Eden Gardens,2013-04-24,Kolkata Knight Riders,bat,Mumbai Indians,2013,162,5,Kolkata Knight Riders
598030,159,6,8,21,4,Sunrisers Hyderabad,MA Chidambaram Stadium,2013-04-25,Sunrisers Hyderabad,bat,Chennai Super Kings,2013,160,5,Sunrisers Hyderabad
598031,149,6,5,19,4,Kings XI Punjab,Eden Gardens,2013-04-26,Kings XI Punjab,bat,Kolkata Knight Riders,2013,150,4,Kings XI Punjab
598032,144,9,11,18,2,Sunrisers Hyderabad,Sawai Mansingh Stadium,2013-04-27,Sunrisers Hyderabad,bat,Rajasthan Royals,2013,146,2,Sunrisers Hyderabad
598033,194,7,9,26,8,Mumbai Indians,Wankhede Stadium,2013-04-27,Mumbai Indians,bat,Mumbai Indians,2013,136,7,Mumbai Indians
598034,200,3,3,26,6,Chennai Super Kings,MA Chidambaram Stadium,2013-04-28,Kolkata Knight Riders,field,Chennai Super Kings,2013,186,4,Chennai Super Kings
598035,164,5,14,20,8,Delhi Daredevils,Shaheed Veer Narayan Singh International Stadium,2013-04-28,Pune Warriors,field,Delhi Daredevils,2013,149,4,Delhi Daredevils
598036,171,6,10,20,5,Royal Challengers Bangalore,Sawai Mansingh Stadium,2013-04-29,Rajasthan Royals,field,Rajasthan Royals,2013,173,6,Royal Challengers Bangalore
598037,174,3,8,24,9,Mumbai Indians,Wankhede Stadium,2013-04-29,Mumbai Indians,bat,Mumbai Indians,2013,170,10,Mumbai Indians
598038,164,3,4,18,5,Chennai Super Kings,Maharashtra Cricket Association Stadium,2013-04-30,Chennai Super Kings,bat,Chennai Super Kings,2013,127,9,Chennai Super Kings
598039,129,4,7,14,2,Mumbai Indians,Rajiv Gandhi International Stadium,2013-05-01,Mumbai Indians,bat,Sunrisers Hyderabad,2013,130,3,Mumbai Indians
598040,136,7,7,18,4,Kolkata Knight Riders,Shaheed Veer Narayan Singh International Stadium,2013-05-01,Kolkata Knight Riders,bat,Delhi Daredevils,2013,137,3,Kolkata Knight Riders
598041,186,4,3,22,8,Chennai Super Kings,MA Chidambaram Stadium,2013-05-02,Chennai Super Kings,bat,Chennai Super Kings,2013,171,6,Chennai Super Kings
598042,187,3,12,23,6,Royal Challengers Bangalore,Maharashtra Cricket Association Stadium,2013-05-02,Royal Challengers Bangalore,bat,Royal Challengers Bangalore,2013,170,9,Royal Challengers Bangalore
598043,132,6,7,13,2,Rajasthan Royals,Eden Gardens,2013-05-03,Rajasthan Royals,bat,Kolkata Knight Riders,2013,133,2,Rajasthan Royals
598044,80,10,6,5,1,Delhi Daredevils,Rajiv Gandhi International Stadium,2013-05-04,Delhi Daredevils,bat,Sunrisers Hyderabad,2013,81,4,Delhi Daredevils
598045,174,5,7,24,9,Royal Challengers Bangalore,M Chinnaswamy Stadium,2013-05-14,Kings XI Punjab,field,Kings XI Punjab,2013,176,3,Royal Challengers Bangalore
598046,139,5,4,17,6,Mumbai Indians,Wankhede Stadium,2013-05-05,Mumbai Indians,bat,Mumbai Indians,2013,79,10,Mumbai Indians
598047,178,4,11,25,5,Pune Warriors,Sawai Mansingh Stadium,2013-05-05,Pune Warriors,bat,Rajasthan Royals,2013,182,5,Pune Warriors
598048,161,6,5,17,7,Sunrisers Hyderabad,M Chinnaswamy Stadium,2013-04-09,Sunrisers Hyderabad,bat,Royal Challengers Bangalore,2013,162,3,Sunrisers Hyderabad
598049,154,4,7,21,2,Delhi Daredevils,Sawai Mansingh Stadium,2013-05-07,Delhi Daredevils,bat,Rajasthan Royals,2013,155,1,Delhi Daredevils
598050,170,6,11,24,4,Mumbai Indians,Wankhede Stadium,2013-05-07,Mumbai Indians,bat,Mumbai Indians,2013,105,10,Mumbai Indians
598051,223,3,10,31,10,Chennai Super Kings,Rajiv Gandhi International Stadium,2013-05-08,Sunrisers Hyderabad,field,Chennai Super Kings,2013,146,8,Chennai Super Kings
598052,145,6,9,14,2,Kings XI Punjab,Punjab Cricket Association Stadium,2013-05-09,Rajasthan Royals,field,Rajasthan Royals,2013,147,2,Kings XI Punjab
598053,152,6,11,17,2,Kolkata Knight Riders,Maharashtra Cricket Association Stadium,2013-05-09,Kolkata Knight Riders,bat,Kolkata Knight Riders,2013,106,10,Kolkata Knight Riders
598054,183,4,5,25,6,Royal Challengers Bangalore,Feroz Shah Kotla,2013-05-10,Delhi Daredevils,field,Royal Challengers Bangalore,2013,179,7,Royal Challengers Bangalore
598055,112,8,4,8,3,Pune Warriors,Maharashtra Cricket Association Stadium,2013-05-11,Pune Warriors,bat,Mumbai Indians,2013,116,5,Pune Warriors
598056,150,7,4,19,5,Sunrisers Hyderabad,Punjab Cricket Association Stadium,2013-05-11,Kings XI Punjab,field,Sunrisers Hyderabad,2013,120,9,Sunrisers Hyderabad
598057,115,9,3,7,2,Royal Challengers Bangalore,JSCA International Stadium Complex,2013-05-12,Kolkata Knight Riders,field,Kolkata Knight Riders,2013,116,5,Royal Challengers Bangalore
598058,141,4,8,16,0,Chennai Super Kings,Sawai Mansingh Stadium,2013-05-12,Rajasthan Royals,field,Rajasthan Royals,2013,144,5,Chennai Super Kings
598059,120,7,7,12,2,Delhi Daredevils,Feroz Shah Kotla,2013-04-23,Kings XI Punjab,field,Kings XI Punjab,2013,121,5,Delhi Daredevils
598060,178,3,7,23,5,Sunrisers Hyderabad,Wankhede Stadium,2013-05-13,Sunrisers Hyderabad,bat,Mumbai Indians,2013,184,4,Sunrisers Hyderabad
598061,170,4,1,20,9,Pune Warriors,JSCA International Stadium Complex,2013-05-15,Kolkata Knight Riders,field,Pune Warriors,2013,163,7,Pune Warriors
598062,168,4,10,16,5,Chennai Super Kings,MA Chidambaram Stadium,2013-05-14,Chennai Super Kings,bat,Chennai Super Kings,2013,135,9,Chennai Super Kings
598063,166,8,7,21,6,Mumbai Indians,Wankhede Stadium,2013-05-15,Rajasthan Royals,field,Mumbai Indians,2013,152,7,Mumbai Indians
598064,190,3,10,27,6,Royal Challengers Bangalore,Punjab Cricket Association Stadium,2013-05-06,Kings XI Punjab,field,Kings XI Punjab,2013,194,4,Royal Challengers Bangalore
598065,136,9,15,9,2,Sunrisers Hyderabad,Rajiv Gandhi International Stadium,2013-05-17,Sunrisers Hyderabad,bat,Sunrisers Hyderabad,2013,113,9,Sunrisers Hyderabad
598066,183,8,7,29,5,Kings XI Punjab,Himachal Pradesh Cricket Association Stadium,2013-05-18,Mumbai Indians,field,Kings XI Punjab,2013,133,9,Kings XI Punjab
598067,172,5,5,22,8,Pune Warriors,Maharashtra Cricket Association Stadium,2013-05-19,Pune Warriors,bat,Pune Warriors,2013,134,9,Pune Warriors
598068,106,2,5,18,8,Royal Challengers Bangalore,M Chinnaswamy Stadium,2013-05-18,Chennai Super Kings,field,Royal Challengers Bangalore,2013,82,6,Royal Challengers Bangalore
598069,130,7,14,12,3,Kolkata Knight Riders,Rajiv Gandhi International Stadium,2013-05-19,Kolkata Knight Riders,bat,Sunrisers Hyderabad,2013,132,5,Kolkata Knight Riders
598070,192,1,1,24,7,Chennai Super Kings,Feroz Shah Kotla,2013-05-21,Chennai Super Kings,bat,Chennai Super Kings,2013,144,10,Chennai Super Kings
598071,132,7,6,15,4,Sunrisers Hyderabad,Feroz Shah Kotla,2013-05-22,Sunrisers Hyderabad,bat,Rajasthan Royals,2013,135,6,Sunrisers Hyderabad
598072,165,6,14,23,1,Rajasthan Royals,Eden Gardens,2013-05-24,Rajasthan Royals,bat,Mumbai Indians,2013,169,6,Rajasthan Royals
598073,148,9,5,21,3,Mumbai Indians,Eden Gardens,2013-05-26,Mumbai Indians,bat,Mumbai Indians,2013,125,9,Mumbai Indians
729279,163,5,8,19,5,Kolkata Knight Riders,Sheikh Zayed Stadium,2014-04-16,Kolkata Knight Riders,bat,Kolkata Knight Riders,2014,122,7,Kolkata Knight Riders
729281,145,4,10,13,4,Delhi Daredevils,Sharjah Cricket Stadium,2014-04-17,Royal Challengers Bangalore,field,Royal Challengers Bangalore,2014,146,2,Delhi Daredevils
729283,205,4,14,25,10,Chennai Super Kings,Sheikh Zayed Stadium,2014-04-18,Chennai Super Kings,bat,Kings XI Punjab,2014,206,4,Chennai Super Kings
729285,133,6,15,8,2,Sunrisers Hyderabad,Sheikh Zayed Stadium,2014-04-18,Rajasthan Royals,field,Rajasthan Royals,2014,135,6,Sunrisers Hyderabad
729287,115,9,12,8,0,Mumbai Indians,Dubai International Cricket Stadium,2014-04-19,Royal Challengers Bangalore,field,Royal Challengers Bangalore,2014,116,3,Mumbai Indians
729289,166,5,14,18,2,Kolkata Knight Riders,Dubai International Cricket Stadium,2014-04-19,Kolkata Knight Riders,bat,Delhi Daredevils,2014,167,6,Kolkata Knight Riders
729291,191,5,6,27,10,Rajasthan Royals,Sharjah Cricket Stadium,2014-04-20,Kings XI Punjab,field,Kings XI Punjab,2014,193,3,Rajasthan Royals
729293,177,7,6,19,5,Chennai Super Kings,Sheikh Zayed Stadium,2014-04-21,Chennai Super Kings,bat,Chennai Super Kings,2014,84,9,Chennai Super Kings
729295,193,6,9,27,13,Kings XI Punjab,Sharjah Cricket Stadium,2014-04-22,Sunrisers Hyderabad,field,Kings XI Punjab,2014,121,10,Kings XI Punjab
729297,140,6,13,13,3,Chennai Super Kings,Dubai International Cricket Stadium,2014-04-23,Rajasthan Royals,field,Chennai Super Kings,2014,133,10,Chennai Super Kings
729299,150,7,7,13,6,Kolkata Knight Riders,Sharjah Cricket Stadium,2014-04-24,Royal Challengers Bangalore,field,Kolkata Knight Riders,2014,148,5,Kolkata Knight Riders
729301,184,1,5,24,8,Sunrisers Hyderabad,Dubai International Cricket Stadium,2014-04-25,Sunrisers Hyderabad,bat,Sunrisers Hyderabad,2014,180,4,Sunrisers Hyderabad
729303,141,7,1,16,4,Mumbai Indians,Dubai International Cricket Stadium,2014-04-25,Mumbai Indians,bat,Chennai Super Kings,2014,142,3,Mumbai Indians
729305,70,10,4,7,1,Royal Challengers Bangalore,Sheikh Zayed Stadium,2014-04-26,Rajasthan Royals,field,Rajasthan Royals,2014,71,4,Royal Challengers Bangalore
729307,132,9,5,14,2,Kings XI Punjab,Sheikh Zayed Stadium,2014-04-26,Kolkata Knight Riders,field,Kings XI Punjab,2014,109,10,Kings XI Punjab
729309,125,7,11,13,3,Mumbai Indians,Sharjah Cricket Stadium,2014-04-27,Mumbai Indians,bat,Delhi Daredevils,2014,126,4,Mumbai Indians
729311,145,5,16,13,4,Sunrisers Hyderabad,Sharjah Cricket Stadium,2014-04-27,Sunrisers Hyderabad,bat,Chennai Super Kings,2014,146,5,Sunrisers Hyderabad
729313,124,8,10,12,4,Royal Challengers Bangalore,Dubai International Cricket Stadium,2014-04-28,Kings XI Punjab,field,Kings XI Punjab,2014,127,5,Royal Challengers Bangalore
729315,152,5,5,18,1,Rajasthan Royals,Sheikh Zayed Stadium,2014-04-29,Rajasthan Royals,bat,Unknown,2014,152,8,Rajasthan Royals
729317,172,5,18,16,5,Sunrisers Hyderabad,Dubai International Cricket Stadium,2014-04-30,Mumbai Indians,field,Sunrisers Hyderabad,2014,157,7,Sunrisers Hyderabad
733971,148,3,6,19,6,Chennai Super Kings,JSCA International Stadium Complex,2014-05-02,Chennai Super Kings,bat,Chennai Super Kings,2014,114,9,Chennai Super Kings
733973,168,5,13,22,6,Kings XI Punjab,Wankhede Stadium,2014-05-03,Kings XI Punjab,bat,Mumbai Indians,2014,170,5,Kings XI Punjab
733975,152,5,4,18,4,Delhi Daredevils,Feroz Shah Kotla,2014-05-03,Rajasthan Royals,field,Rajasthan Royals,2014,156,3,Delhi Daredevils
733977,155,6,10,18,6,Sunrisers Hyderabad,M Chinnaswamy Stadium,2014-05-04,Royal Challengers Bangalore,field,Royal Challengers Bangalore,2014,158,6,Sunrisers Hyderabad
733979,170,6,7,18,6,Rajasthan Royals,Sardar Patel Stadium,2014-05-05,Kolkata Knight Riders,field,Rajasthan Royals,2014,160,6,Rajasthan Royals
733981,178,5,11,24,8,Delhi Daredevils,Feroz Shah Kotla,2014-05-05,Chennai Super Kings,field,Chennai Super Kings,2014,181,2,Delhi Daredevils
733983,187,5,25,22,8,Mumbai Indians,Wankhede Stadium,2014-05-06,Royal Challengers Bangalore,field,Mumbai Indians,2014,168,8,Mumbai Indians
733985,160,5,8,19,6,Delhi Daredevils,Feroz Shah Kotla,2014-05-07,Delhi Daredevils,bat,Kolkata Knight Riders,2014,161,2,Delhi Daredevils
733987,231,4,10,37,13,Kings XI Punjab,Barabati Stadium,2014-05-07,Chennai Super Kings,field,Kings XI Punjab,2014,187,6,Kings XI Punjab
733989,134,9,12,15,0,Sunrisers Hyderabad,Sardar Patel Stadium,2014-05-08,Rajasthan Royals,field,Sunrisers Hyderabad,2014,102,10,Sunrisers Hyderabad
733991,198,8,15,27,7,Kings XI Punjab,M Chinnaswamy Stadium,2014-05-09,Royal Challengers Bangalore,field,Kings XI Punjab,2014,166,9,Kings XI Punjab
733993,143,7,5,15,5,Delhi Daredevils,Feroz Shah Kotla,2014-05-10,Sunrisers Hyderabad,field,Sunrisers Hyderabad,2014,44,2,Delhi Daredevils
733995,157,6,5,18,8,Mumbai Indians,Wankhede Stadium,2014-05-10,Chennai Super Kings,field,Chennai Super Kings,2014,160,6,Mumbai Indians
733997,149,8,4,19,2,Kings XI Punjab,Barabati Stadium,2014-05-11,Kolkata Knight Riders,field,Kolkata Knight Riders,2014,150,1,Kings XI Punjab
733999,190,5,7,27,12,Royal Challengers Bangalore,M Chinnaswamy Stadium,2014-05-11,Royal Challengers Bangalore,bat,Rajasthan Royals,2014,191,5,Royal Challengers Bangalore
734001,157,3,6,21,5,Sunrisers Hyderabad,Rajiv Gandhi International Stadium,2014-05-12,Sunrisers Hyderabad,bat,Mumbai Indians,2014,160,3,Sunrisers Hyderabad
734003,148,8,12,17,7,Rajasthan Royals,JSCA International Stadium Complex,2014-05-13,Rajasthan Royals,bat,Chennai Super Kings,2014,149,5,Rajasthan Royals
734005,186,4,9,23,12,Royal Challengers Bangalore,M Chinnaswamy Stadium,2014-05-13,Delhi Daredevils,field,Royal Challengers Bangalore,2014,170,7,Royal Challengers Bangalore
734007,205,5,15,26,12,Sunrisers Hyderabad,Rajiv Gandhi International Stadium,2014-05-14,Kings XI Punjab,field,Kings XI Punjab,2014,211,4,Sunrisers Hyderabad
734009,141,5,7,15,4,Mumbai Indians,Barabati Stadium,2014-05-14,Kolkata Knight Riders,field,Kolkata Knight Riders,2014,142,4,Mumbai Indians
734011,201,6,15,25,12,Rajasthan Royals,Sardar Patel Stadium,2014-05-15,Delhi Daredevils,field,Rajasthan Royals,2014,139,9,Rajasthan Royals
734013,138,4,6,14,4,Chennai Super Kings,JSCA International Stadium Complex,2014-05-18,Chennai Super Kings,bat,Royal Challengers Bangalore,2014,142,5,Chennai Super Kings
734015,142,8,10,17,4,Sunrisers Hyderabad,Rajiv Gandhi International Stadium,2014-05-18,Sunrisers Hyderabad,bat,Kolkata Knight Riders,2014,146,3,Sunrisers Hyderabad
734017,178,3,6,21,9,Mumbai Indians,Sardar Patel Stadium,2014-05-19,Mumbai Indians,bat,Mumbai Indians,2014,153,8,Mumbai Indians
734019,164,7,5,21,5,Delhi Daredevils,Feroz Shah Kotla,2014-05-19,Kings XI Punjab,field,Kings XI Punjab,2014,165,6,Delhi Daredevils
734021,160,6,7,19,6,Royal Challengers Bangalore,Rajiv Gandhi International Stadium,2014-05-20,Royal Challengers Bangalore,bat,Sunrisers Hyderabad,2014,161,3,Royal Challengers Bangalore
734023,154,4,3,17,9,Chennai Super Kings,Eden Gardens,2014-05-20,Kolkata Knight Riders,field,Kolkata Knight Riders,2014,156,2,Chennai Super Kings
734025,156,8,8,19,7,Kings XI Punjab,Punjab Cricket Association Stadium,2014-05-21,Mumbai Indians,field,Mumbai Indians,2014,159,3,Kings XI Punjab
734027,195,4,7,28,7,Kolkata Knight Riders,Eden Gardens,2014-05-22,Royal Challengers Bangalore,field,Kolkata Knight Riders,2014,165,5,Kolkata Knight Riders
734029,185,3,8,25,10,Chennai Super Kings,JSCA International Stadium Complex,2014-05-22,Sunrisers Hyderabad,field,Sunrisers Hyderabad,2014,189,4,Chennai Super Kings
734031,173,10,9,23,3,Mumbai Indians,Wankhede Stadium,2014-05-23,Delhi Daredevils,field,Mumbai Indians,2014,158,4,Mumbai Indians
734033,179,4,14,22,6,Kings XI Punjab,Punjab Cricket Association Stadium,2014-05-23,Rajasthan Royals,field,Kings XI Punjab,2014,163,8,Kings XI Punjab
734035,154,6,6,16,6,Royal Challengers Bangalore,M Chinnaswamy Stadium,2014-05-24,Chennai Super Kings,field,Chennai Super Kings,2014,160,2,Royal Challengers Bangalore
734037,160,7,21,24,5,Sunrisers Hyderabad,Eden Gardens,2014-05-24,Kolkata Knight Riders,field,Kolkata Knight Riders,2014,161,6,Sunrisers Hyderabad
734039,115,10,7,15,0,Delhi Daredevils,Punjab Cricket Association Stadium,2014-05-25,Kings XI Punjab,field,Kings XI Punjab,2014,119,3,Delhi Daredevils
734041,189,4,5,26,9,Rajasthan Royals,Wankhede Stadium,2014-05-25,Mumbai Indians,field,Mumbai Indians,2014,195,5,Rajasthan Royals
734043,163,8,7,23,6,Kolkata Knight Riders,Eden Gardens,2014-05-27,Kings XI Punjab,field,Kolkata Knight Riders,2014,135,8,Kolkata Knight Riders
734045,173,8,2,23,9,Mumbai Indians,Brabourne Stadium,2014-05-28,Chennai Super Kings,field,Chennai Super Kings,2014,176,3,Mumbai Indians
734047,226,6,11,32,13,Kings XI Punjab,Wankhede Stadium,2014-05-30,Chennai Super Kings,field,Kings XI Punjab,2014,202,7,Kings XI Punjab
734049,199,4,8,27,10,Kings XI Punjab,M Chinnaswamy Stadium,2014-06-01,Kolkata Knight Riders,field,Kolkata Knight Riders,2014,200,7,Kings XI Punjab
829705,168,3,3,25,7,Mumbai Indians,Eden Gardens,2015-04-08,Kolkata Knight Riders,field,Kolkata Knight Riders,2015,170,3,Mumbai Indians
829707,150,7,14,16,3,Chennai Super Kings,MA Chidambaram Stadium,2015-04-09,Delhi Daredevils,field,Chennai Super Kings,2015,149,9,Chennai Super Kings
829709,162,7,21,17,7,Rajasthan Royals,Maharashtra Cricket Association Stadium,2015-04-10,Kings XI Punjab,field,Rajasthan Royals,2015,136,8,Rajasthan Royals
829711,209,4,15,30,14,Chennai Super Kings,MA Chidambaram Stadium,2015-04-11,Chennai Super Kings,bat,Chennai Super Kings,2015,164,6,Chennai Super Kings
829713,177,6,6,26,3,Kolkata Knight Riders,Eden Gardens,2015-04-11,Royal Challengers Bangalore,field,Royal Challengers Bangalore,2015,179,7,Kolkata Knight Riders
829715,184,3,9,22,10,Delhi Daredevils,Feroz Shah Kotla,2015-04-12,Rajasthan Royals,field,Rajasthan Royals,2015,186,7,Delhi Daredevils
829717,177,5,6,25,4,Kings XI Punjab,Wankhede Stadium,2015-04-12,Mumbai Indians,field,Kings XI Punjab,2015,159,7,Kings XI Punjab
829719,166,10,16,22,7,Royal Challengers Bangalore,M Chinnaswamy Stadium,2015-04-13,Sunrisers Hyderabad,field,Sunrisers Hyderabad,2015,172,2,Royal Challengers Bangalore
829721,164,6,5,25,8,Mumbai Indians,Sardar Patel Stadium,2015-04-14,Mumbai Indians,bat,Rajasthan Royals,2015,165,3,Mumbai Indians
829723,165,9,20,24,5,Chennai Super Kings,Eden Gardens,2015-04-30,Kolkata Knight Riders,field,Kolkata Knight Riders,2015,169,3,Chennai Super Kings
829725,165,7,8,17,10,Kings XI Punjab,Maharashtra Cricket Association Stadium,2015-04-15,Kings XI Punjab,bat,Delhi Daredevils,2015,169,5,Kings XI Punjab
829727,127,5,6,15,4,Sunrisers Hyderabad,Dr. Y.S. Rajasekhara Reddy ACA-VDCA Cricket Stadium,2015-04-16,Rajasthan Royals,field,Rajasthan Royals,2015,131,4,Sunrisers Hyderabad
829729,183,7,7,24,10,Mumbai Indians,Wankhede Stadium,2015-04-17,Mumbai Indians,bat,Chennai Super Kings,2015,189,4,Mumbai Indians
829731,167,4,9,18,9,Delhi Daredevils,Dr. Y.S. Rajasekhara Reddy ACA-VDCA Cricket Stadium,2015-04-18,Delhi Daredevils,bat,Delhi Daredevils,2015,163,8,Delhi Daredevils
829733,155,9,13,17,7,Kings XI Punjab,Maharashtra Cricket Association Stadium,2015-04-18,Kolkata Knight Riders,field,Kolkata Knight Riders,2015,159,6,Kings XI Punjab
829735,156,4,6,21,3,Chennai Super Kings,Sardar Patel Stadium,2015-04-19,Chennai Super Kings,bat,Rajasthan Royals,2015,157,2,Chennai Super Kings
829737,209,7,17,33,10,Mumbai Indians,M Chinnaswamy Stadium,2015-04-19,Royal Challengers Bangalore,field,Mumbai Indians,2015,191,7,Mumbai Indians
829739,146,8,13,18,5,Delhi Daredevils,Feroz Shah Kotla,2015-04-20,Kolkata Knight Riders,field,Kolkata Knight Riders,2015,147,4,Delhi Daredevils
829741,191,6,10,24,8,Rajasthan Royals,Sardar Patel Stadium,2015-04-21,Kings XI Punjab,field,Unknown,2015,191,6,Rajasthan Royals
829743,176,4,4,22,7,Sunrisers Hyderabad,Dr. Y.S. Rajasekhara Reddy ACA-VDCA Cricket Stadium,2015-04-22,Kolkata Knight Riders,field,Sunrisers Hyderabad,2015,101,4,Sunrisers Hyderabad
829745,181,8,10,27,10,Chennai Super Kings,M Chinnaswamy Stadium,2015-04-22,Royal Challengers Bangalore,field,Chennai Super Kings,2015,154,8,Chennai Super Kings
829747,190,4,8,24,11,Delhi Daredevils,Feroz Shah Kotla,2015-04-23,Mumbai Indians,field,Delhi Daredevils,2015,153,9,Delhi Daredevils
829749,130,9,4,13,3,Rajasthan Royals,Sardar Patel Stadium,2015-04-24,Royal Challengers Bangalore,field,Royal Challengers Bangalore,2015,134,1,Rajasthan Royals
829751,157,8,10,19,3,Mumbai Indians,Wankhede Stadium,2015-04-25,Mumbai Indians,bat,Mumbai Indians,2015,137,8,Mumbai Indians
829753,192,3,12,26,7,Chennai Super Kings,MA Chidambaram Stadium,2015-04-25,Chennai Super Kings,bat,Chennai Super Kings,2015,95,9,Chennai Super Kings
829757,95,10,8,9,1,Delhi Daredevils,Feroz Shah Kotla,2015-04-26,Royal Challengers Bangalore,field,Royal Challengers Bangalore,2015,99,0,Delhi Daredevils
829759,150,6,1,20,3,Sunrisers Hyderabad,Punjab Cricket Association Stadium,2015-04-27,Kings XI Punjab,field,Sunrisers Hyderabad,2015,130,9,Sunrisers Hyderabad
829761,171,7,12,22,6,Kolkata Knight Riders,Eden Gardens,2015-05-07,Kolkata Knight Riders,bat,Kolkata Knight Riders,2015,158,6,Kolkata Knight Riders
829765,134,6,12,15,3,Chennai Super Kings,MA Chidambaram Stadium,2015-04-28,Kolkata Knight Riders,field,Chennai Super Kings,2015,132,9,Chennai Super Kings
829767,118,8,8,12,3,Kings XI Punjab,Feroz Shah Kotla,2015-05-01,Delhi Daredevils,field,Delhi Daredevils,2015,119,1,Kings XI Punjab
829769,187,5,9,24,6,Mumbai Indians,Wankhede Stadium,2015-05-01,Rajasthan Royals,field,Mumbai Indians,2015,179,7,Mumbai Indians
829771,111,4,8,16,5,Kolkata Knight Riders,M Chinnaswamy Stadium,2015-05-02,Royal Challengers Bangalore,field,Royal Challengers Bangalore,2015,115,3,Kolkata Knight Riders
829773,192,7,5,29,6,Sunrisers Hyderabad,Rajiv Gandhi International Stadium,2015-05-02,Chennai Super Kings,field,Sunrisers Hyderabad,2015,170,6,Sunrisers Hyderabad
829775,172,3,5,21,4,Mumbai Indians,Punjab Cricket Association Stadium,2015-05-03,Mumbai Indians,bat,Mumbai Indians,2015,149,7,Mumbai Indians
829777,189,2,8,25,5,Rajasthan Royals,Brabourne Stadium,2015-05-03,Delhi Daredevils,field,Rajasthan Royals,2015,175,7,Rajasthan Royals
829779,148,9,5,17,5,Chennai Super Kings,MA Chidambaram Stadium,2015-05-04,Chennai Super Kings,bat,Chennai Super Kings,2015,124,10,Chennai Super Kings
829781,167,7,7,20,3,Kolkata Knight Riders,Eden Gardens,2015-05-04,Sunrisers Hyderabad,field,Kolkata Knight Riders,2015,132,9,Kolkata Knight Riders
829783,152,6,4,21,6,Delhi Daredevils,Wankhede Stadium,2015-05-05,Delhi Daredevils,bat,Mumbai Indians,2015,153,5,Delhi Daredevils
829785,226,3,11,32,18,Royal Challengers Bangalore,M Chinnaswamy Stadium,2015-05-06,Kings XI Punjab,field,Royal Challengers Bangalore,2015,88,10,Royal Challengers Bangalore
829787,201,4,15,28,7,Sunrisers Hyderabad,Brabourne Stadium,2015-05-07,Rajasthan Royals,field,Sunrisers Hyderabad,2015,194,7,Sunrisers Hyderabad
829789,158,5,6,19,5,Chennai Super Kings,MA Chidambaram Stadium,2015-05-08,Chennai Super Kings,bat,Mumbai Indians,2015,159,4,Chennai Super Kings
829791,183,5,9,22,11,Kings XI Punjab,Eden Gardens,2015-05-09,Kings XI Punjab,bat,Kolkata Knight Riders,2015,184,9,Kings XI Punjab
829793,163,4,4,15,6,Sunrisers Hyderabad,Shaheed Veer Narayan Singh International Stadium,2015-05-09,Sunrisers Hyderabad,bat,Sunrisers Hyderabad,2015,157,4,Sunrisers Hyderabad
829795,235,1,7,35,9,Royal Challengers Bangalore,Wankhede Stadium,2015-05-10,Royal Challengers Bangalore,bat,Royal Challengers Bangalore,2015,196,7,Royal Challengers Bangalore
829797,157,5,8,19,5,Chennai Super Kings,MA Chidambaram Stadium,2015-05-10,Chennai Super Kings,bat,Chennai Super Kings,2015,145,9,Chennai Super Kings
829799,185,5,5,25,9,Sunrisers Hyderabad,Rajiv Gandhi International Stadium,2015-05-11,Sunrisers Hyderabad,bat,Sunrisers Hyderabad,2015,180,7,Sunrisers Hyderabad
829801,119,6,7,13,3,Chennai Super Kings,Shaheed Veer Narayan Singh International Stadium,2015-05-12,Chennai Super Kings,bat,Delhi Daredevils,2015,120,4,Chennai Super Kings
829803,106,6,4,13,5,Kings XI Punjab,Punjab Cricket Association Stadium,2015-05-13,Royal Challengers Bangalore,field,Kings XI Punjab,2015,84,6,Kings XI Punjab
829805,171,4,10,22,4,Mumbai Indians,Wankhede Stadium,2015-05-14,Kolkata Knight Riders,field,Mumbai Indians,2015,166,7,Mumbai Indians
829807,135,3,7,17,6,Sunrisers Hyderabad,Rajiv Gandhi International Stadium,2015-05-15,Sunrisers Hyderabad,bat,Royal Challengers Bangalore,2015,83,4,Sunrisers Hyderabad
829809,130,7,9,15,4,Kings XI Punjab,Punjab Cricket Association Stadium,2015-05-16,Kings XI Punjab,bat,Chennai Super Kings,2015,134,3,Kings XI Punjab
829811,199,6,10,26,7,Rajasthan Royals,Brabourne Stadium,2015-05-16,Rajasthan Royals,bat,Rajasthan Royals,2015,190,9,Rajasthan Royals
829813,187,5,6,23,9,Delhi Daredevils,M Chinnaswamy Stadium,2015-05-17,Royal Challengers Bangalore,field,Unknown,2015,2,0,Delhi Daredevils
829815,113,10,6,9,1,Sunrisers Hyderabad,Rajiv Gandhi International Stadium,2015-05-17,Sunrisers Hyderabad,bat,Mumbai Indians,2015,114,1,Sunrisers Hyderabad
829817,187,6,9,23,12,Mumbai Indians,Wankhede Stadium,2015-05-19,Mumbai Indians,bat,Mumbai Indians,2015,162,10,Mumbai Indians
829819,180,4,12,23,8,Royal Challengers Bangalore,Maharashtra Cricket Association Stadium,2015-05-20,Royal Challengers Bangalore,bat,Royal Challengers Bangalore,2015,109,10,Royal Challengers Bangalore
829821,139,8,7,16,5,Royal Challengers Bangalore,JSCA International Stadium Complex,2015-05-22,Chennai Super Kings,field,Chennai Super Kings,2015,140,7,Royal Challengers Bangalore
829823,202,5,6,28,12,Mumbai Indians,Eden Gardens,2015-05-24,Chennai Super Kings,field,Mumbai Indians,2015,161,8,Mumbai Indians
980901,121,8,13,15,3,Mumbai Indians,Wankhede Stadium,2016-04-09,Mumbai Indians,bat,Rising Pune Supergiants,2016,126,1,Mumbai Indians
980903,98,10,12,12,3,Delhi Daredevils,Eden Gardens,2016-04-10,Kolkata Knight Riders,field,Kolkata Knight Riders,2016,99,1,Delhi Daredevils
980905,161,6,7,18,4,Kings XI Punjab,Punjab Cricket Association Stadium,2016-04-11,Gujarat Lions,field,Gujarat Lions,2016,162,5,Kings XI Punjab
980907,227,4,7,34,14,Royal Challengers Bangalore,M Chinnaswamy Stadium,2016-04-12,Sunrisers Hyderabad,field,Royal Challengers Bangalore,2016,182,6,Royal Challengers Bangalore
980909,187,5,10,19,8,Kolkata Knight Riders,Eden Gardens,2016-04-13,Mumbai Indians,field,Mumbai Indians,2016,188,4,Kolkata Knight Riders
980911,163,5,2,19,6,Rising Pune Supergiants,Saurashtra Cricket Association Stadium,2016-04-14,Rising Pune Supergiants,bat,Gujarat Lions,2016,164,3,Rising Pune Supergiants
980913,111,9,4,13,2,Kings XI Punjab,Feroz Shah Kotla,2016-04-15,Delhi Daredevils,field,Delhi Daredevils,2016,113,2,Kings XI Punjab
980915,142,7,8,14,5,Sunrisers Hyderabad,Rajiv Gandhi International Stadium,2016-04-16,Sunrisers Hyderabad,bat,Kolkata Knight Riders,2016,146,2,Sunrisers Hyderabad
980917,143,8,10,16,5,Mumbai Indians,Wankhede Stadium,2016-04-16,Gujarat Lions,field,Gujarat Lions,2016,147,7,Mumbai Indians
980919,152,7,11,18,0,Rising Pune Supergiants,Punjab Cricket Association Stadium,2016-04-17,Rising Pune Supergiants,bat,Kings XI Punjab,2016,153,4,Rising Pune Supergiants
980921,191,5,9,26,7,Royal Challengers Bangalore,M Chinnaswamy Stadium,2016-04-17,Delhi Daredevils,field,Delhi Daredevils,2016,192,3,Royal Challengers Bangalore
980923,142,6,8,14,5,Mumbai Indians,Rajiv Gandhi International Stadium,2016-04-18,Sunrisers Hyderabad,field,Sunrisers Hyderabad,2016,145,3,Mumbai Indians
980925,138,8,7,12,2,Kings XI Punjab,Punjab Cricket Association Stadium,2016-04-19,Kolkata Knight Riders,field,Kolkata Knight Riders,2016,141,4,Kings XI Punjab
980927,170,7,13,19,7,Royal Challengers Bangalore,Wankhede Stadium,2016-04-20,Mumbai Indians,field,Mumbai Indians,2016,171,4,Royal Challengers Bangalore
980929,135,8,5,12,1,Gujarat Lions,Saurashtra Cricket Association Stadium,2016-04-21,Sunrisers Hyderabad,field,Sunrisers Hyderabad,2016,137,0,Gujarat Lions
980931,185,3,12,20,6,Royal Challengers Bangalore,Maharashtra Cricket Association Stadium,2016-04-22,Rising Pune Supergiants,field,Royal Challengers Bangalore,2016,172,9,Royal Challengers Bangalore
980933,164,4,12,17,5,Delhi Daredevils,Feroz Shah Kotla,2016-04-23,Mumbai Indians,field,Delhi Daredevils,2016,154,7,Delhi Daredevils
980935,143,6,5,15,6,Kings XI Punjab,Rajiv Gandhi International Stadium,2016-04-23,Sunrisers Hyderabad,field,Sunrisers Hyderabad,2016,146,5,Kings XI Punjab
980937,180,2,3,22,4,Royal Challengers Bangalore,Saurashtra Cricket Association Stadium,2016-04-24,Royal Challengers Bangalore,bat,Gujarat Lions,2016,182,4,Royal Challengers Bangalore
980939,160,5,6,15,7,Rising Pune Supergiants,Maharashtra Cricket Association Stadium,2016-04-24,Kolkata Knight Riders,field,Kolkata Knight Riders,2016,162,8,Rising Pune Supergiants
980941,189,6,5,25,7,Mumbai Indians,Punjab Cricket Association Stadium,2016-04-25,Kings XI Punjab,field,Mumbai Indians,2016,164,7,Mumbai Indians
980943,118,8,8,9,3,Sunrisers Hyderabad,Rajiv Gandhi International Stadium,2016-04-26,Rising Pune Supergiants,field,Rising Pune Supergiants,2016,94,3,Sunrisers Hyderabad
980945,172,6,3,21,7,Gujarat Lions,Feroz Shah Kotla,2016-04-27,Delhi Daredevils,field,Gujarat Lions,2016,171,5,Gujarat Lions
980947,174,5,1,20,3,Kolkata Knight Riders,Wankhede Stadium,2016-04-28,Mumbai Indians,field,Mumbai Indians,2016,178,4,Kolkata Knight Riders
980949,195,3,7,22,7,Rising Pune Supergiants,Maharashtra Cricket Association Stadium,2016-04-29,Gujarat Lions,field,Gujarat Lions,2016,196,7,Rising Pune Supergiants
980951,186,8,10,23,6,Delhi Daredevils,Feroz Shah Kotla,2016-04-30,Kolkata Knight Riders,field,Delhi Daredevils,2016,159,10,Delhi Daredevils
980953,194,5,5,27,8,Sunrisers Hyderabad,Rajiv Gandhi International Stadium,2016-04-30,Royal Challengers Bangalore,field,Sunrisers Hyderabad,2016,179,6,Sunrisers Hyderabad
980955,154,10,4,16,1,Kings XI Punjab,Saurashtra Cricket Association Stadium,2016-05-01,Gujarat Lions,field,Kings XI Punjab,2016,131,9,Kings XI Punjab
980957,159,5,8,16,6,Rising Pune Supergiants,Maharashtra Cricket Association Stadium,2016-05-01,Mumbai Indians,field,Mumbai Indians,2016,161,2,Rising Pune Supergiants
980959,185,7,4,25,7,Royal Challengers Bangalore,M Chinnaswamy Stadium,2016-05-02,Kolkata Knight Riders,field,Kolkata Knight Riders,2016,189,5,Royal Challengers Bangalore
980961,149,7,6,16,2,Gujarat Lions,Saurashtra Cricket Association Stadium,2016-05-03,Delhi Daredevils,field,Delhi Daredevils,2016,150,2,Gujarat Lions
980963,164,3,5,18,5,Kolkata Knight Riders,Eden Gardens,2016-05-04,Kings XI Punjab,field,Kolkata Knight Riders,2016,157,9,Kolkata Knight Riders
980965,162,7,8,17,6,Delhi Daredevils,Feroz Shah Kotla,2016-05-05,Rising Pune Supergiants,field,Rising Pune Supergiants,2016,166,3,Delhi Daredevils
980967,126,6,5,11,3,Gujarat Lions,Rajiv Gandhi International Stadium,2016-05-06,Sunrisers Hyderabad,field,Sunrisers Hyderabad,2016,129,5,Gujarat Lions
980969,191,6,7,27,7,Rising Pune Supergiants,M Chinnaswamy Stadium,2016-05-07,Royal Challengers Bangalore,field,Royal Challengers Bangalore,2016,195,3,Rising Pune Supergiants
980971,181,5,8,20,5,Kings XI Punjab,Punjab Cricket Association Stadium,2016-05-07,Delhi Daredevils,field,Kings XI Punjab,2016,172,5,Kings XI Punjab
980973,177,3,5,24,4,Sunrisers Hyderabad,Dr. Y.S. Rajasekhara Reddy ACA-VDCA Cricket Stadium,2016-05-08,Mumbai Indians,field,Sunrisers Hyderabad,2016,92,10,Sunrisers Hyderabad
980975,158,4,6,19,5,Kolkata Knight Riders,Eden Gardens,2016-05-08,Gujarat Lions,field,Gujarat Lions,2016,164,5,Kolkata Knight Riders
980977,175,6,4,18,3,Royal Challengers Bangalore,Punjab Cricket Association Stadium,2016-05-09,Kings XI Punjab,field,Royal Challengers Bangalore,2016,174,4,Royal Challengers Bangalore
980979,137,8,5,15,7,Sunrisers Hyderabad,Dr. Y.S. Rajasekhara Reddy ACA-VDCA Cricket Stadium,2016-05-10,Sunrisers Hyderabad,bat,Sunrisers Hyderabad,2016,133,8,Sunrisers Hyderabad
980981,151,4,7,17,9,Royal Challengers Bangalore,M Chinnaswamy Stadium,2016-05-11,Mumbai Indians,field,Mumbai Indians,2016,153,4,Royal Challengers Bangalore
980983,146,8,11,16,2,Sunrisers Hyderabad,Rajiv Gandhi International Stadium,2016-05-12,Delhi Daredevils,field,Delhi Daredevils,2016,150,3,Sunrisers Hyderabad
980985,124,9,8,13,8,Mumbai Indians,Dr. Y.S. Rajasekhara Reddy ACA-VDCA Cricket Stadium,2016-05-13,Mumbai Indians,bat,Kings XI Punjab,2016,127,3,Mumbai Indians
980987,248,3,4,37,20,Royal Challengers Bangalore,M Chinnaswamy Stadium,2016-05-14,Gujarat Lions,field,Royal Challengers Bangalore,2016,104,10,Royal Challengers Bangalore
980989,103,6,6,9,2,Rising Pune Supergiants,Eden Gardens,2016-05-14,Rising Pune Supergiants,bat,Kolkata Knight Riders,2016,66,2,Rising Pune Supergiants
980991,179,4,3,26,3,Kings XI Punjab,Punjab Cricket Association Stadium,2016-05-15,Kings XI Punjab,bat,Sunrisers Hyderabad,2016,180,3,Kings XI Punjab
980993,206,4,7,27,14,Mumbai Indians,Dr. Y.S. Rajasekhara Reddy ACA-VDCA Cricket Stadium,2016-05-15,Delhi Daredevils,field,Mumbai Indians,2016,126,10,Mumbai Indians
980995,183,5,12,22,6,Kolkata Knight Riders,Eden Gardens,2016-05-16,Royal Challengers Bangalore,field,Royal Challengers Bangalore,2016,186,1,Kolkata Knight Riders
980997,121,6,2,13,2,Delhi Daredevils,Dr. Y.S. Rajasekhara Reddy ACA-VDCA Cricket Stadium,2016-05-17,Rising Pune Supergiants,field,Rising Pune Supergiants,2016,76,1,Delhi Daredevils
980999,211,3,8,35,16,Royal Challengers Bangalore,M Chinnaswamy Stadium,2016-05-18,Kings XI Punjab,field,Royal Challengers Bangalore,2016,120,9,Royal Challengers Bangalore
981001,124,8,7,14,4,Kolkata Knight Riders,Green Park,2016-05-19,Gujarat Lions,field,Gujarat Lions,2016,125,4,Kolkata Knight Riders
981003,158,7,3,18,3,Sunrisers Hyderabad,Shaheed Veer Narayan Singh International Stadium,2016-05-20,Delhi Daredevils,field,Delhi Daredevils,2016,161,4,Sunrisers Hyderabad
981005,172,7,4,21,8,Kings XI Punjab,Dr. Y.S. Rajasekhara Reddy ACA-VDCA Cricket Stadium,2016-05-21,Kings XI Punjab,bat,Rising Pune Supergiants,2016,173,6,Kings XI Punjab
981007,172,8,8,24,7,Mumbai Indians,Green Park,2016-05-21,Gujarat Lions,field,Gujarat Lions,2016,173,4,Mumbai Indians
981009,171,6,4,18,5,Kolkata Knight Riders,Eden Gardens,2016-05-22,Sunrisers Hyderabad,field,Kolkata Knight Riders,2016,149,8,Kolkata Knight Riders
981011,138,8,6,12,3,Delhi Daredevils,Shaheed Veer Narayan Singh International Stadium,2016-05-22,Royal Challengers Bangalore,field,Royal Challengers Bangalore,2016,139,4,Delhi Daredevils
981013,158,10,11,20,8,Gujarat Lions,M Chinnaswamy Stadium,2016-05-24,Royal Challengers Bangalore,field,Royal Challengers Bangalore,2016,159,6,Gujarat Lions
981015,162,8,6,21,7,Sunrisers Hyderabad,Feroz Shah Kotla,2016-05-25,Kolkata Knight Riders,field,Sunrisers Hyderabad,2016,140,8,Sunrisers Hyderabad
981017,162,7,5,25,3,Gujarat Lions,Feroz Shah Kotla,2016-05-27,Sunrisers Hyderabad,field,Sunrisers Hyderabad,2016,163,6,Gujarat Lions
981019,208,7,14,30,10,Sunrisers Hyderabad,M Chinnaswamy Stadium,2016-05-29,Sunrisers Hyderabad,bat,Sunrisers Hyderabad,2016,200,7,Sunrisers Hyderabad
1082591,207,4,7,26,9,Sunrisers Hyderabad,Rajiv Gandhi International Stadium,2017-04-05,Royal Challengers Bangalore,field,Sunrisers Hyderabad,2017,172,10,Sunrisers Hyderabad
1082592,184,8,8,24,11,Mumbai Indians,Maharashtra Cricket Association Stadium,2017-04-06,Rising Pune Supergiant,field,Rising Pune Supergiant,2017,187,3,Mumbai Indians
1082593,183,4,4,26,6,Gujarat Lions,Saurashtra Cricket Association Stadium,2017-04-07,Kolkata Knight Riders,field,Kolkata Knight Riders,2017,184,0,Gujarat Lions
1082594,163,6,6,18,7,Rising Pune Supergiant,Holkar Cricket Stadium,2017-04-08,Kings XI Punjab,field,Kings XI Punjab,2017,164,4,Rising Pune Supergiant
1082595,157,8,6,21,7,Royal Challengers Bangalore,M Chinnaswamy Stadium,2017-04-08,Royal Challengers Bangalore,bat,Royal Challengers Bangalore,2017,142,9,Royal Challengers Bangalore
1082596,135,7,3,13,2,Gujarat Lions,Rajiv Gandhi International Stadium,2017-04-09,Sunrisers Hyderabad,field,Sunrisers Hyderabad,2017,140,1,Gujarat Lions
1082597,178,7,9,20,6,Kolkata Knight Riders,Wankhede Stadium,2017-04-09,Mumbai Indians,field,Mumbai Indians,2017,180,6,Kolkata Knight Riders
1082598,148,4,4,17,11,Royal Challengers Bangalore,Holkar Cricket Stadium,2017-04-10,Royal Challengers Bangalore,bat,Kings XI Punjab,2017,150,2,Royal Challengers Bangalore
1082599,205,4,8,27,10,Delhi Daredevils,Maharashtra Cricket Association Stadium,2017-04-11,Rising Pune Supergiant,field,Delhi Daredevils,2017,108,10,Delhi Daredevils
1082600,158,8,11,21,3,Sunrisers Hyderabad,Wankhede Stadium,2017-04-12,Mumbai Indians,field,Mumbai Indians,2017,159,6,Sunrisers Hyderabad
1082601,170,9,16,24,6,Kings XI Punjab,Eden Gardens,2017-04-13,Kolkata Knight Riders,field,Kolkata Knight Riders,2017,171,2,Kings XI Punjab
1082602,142,5,11,11,4,Royal Challengers Bangalore,M Chinnaswamy Stadium,2017-04-14,Mumbai Indians,field,Mumbai Indians,2017,145,6,Royal Challengers Bangalore
1082603,171,8,5,21,6,Rising Pune Supergiant,Saurashtra Cricket Association Stadium,2017-04-14,Gujarat Lions,field,Gujarat Lions,2017,172,3,Rising Pune Supergiant
1082604,172,6,11,20,7,Kolkata Knight Riders,Eden Gardens,2017-04-15,Sunrisers Hyderabad,field,Kolkata Knight Riders,2017,155,6,Kolkata Knight Riders
1082605,188,6,10,28,5,Delhi Daredevils,Feroz Shah Kotla,2017-04-15,Delhi Daredevils,bat,Delhi Daredevils,2017,137,9,Delhi Daredevils
1082606,176,4,11,19,6,Gujarat Lions,Wankhede Stadium,2017-04-16,Mumbai Indians,field,Mumbai Indians,2017,177,4,Gujarat Lions
1082607,161,8,13,21,4,Rising Pune Supergiant,M Chinnaswamy Stadium,2017-04-16,Royal Challengers Bangalore,field,Rising Pune Supergiant,2017,134,9,Rising Pune Supergiant
1082608,168,7,3,23,4,Delhi Daredevils,Feroz Shah Kotla,2017-04-17,Delhi Daredevils,bat,Kolkata Knight Riders,2017,169,6,Delhi Daredevils
1082609,159,6,11,15,4,Sunrisers Hyderabad,Rajiv Gandhi International Stadium,2017-04-17,Kings XI Punjab,field,Sunrisers Hyderabad,2017,154,10,Sunrisers Hyderabad
1082610,213,2,4,30,11,Royal Challengers Bangalore,Saurashtra Cricket Association Stadium,2017-04-18,Gujarat Lions,field,Royal Challengers Bangalore,2017,192,7,Royal Challengers Bangalore
1082611,191,4,4,22,7,Sunrisers Hyderabad,Rajiv Gandhi International Stadium,2017-04-19,Sunrisers Hyderabad,bat,Sunrisers Hyderabad,2017,176,5,Sunrisers Hyderabad
1082612,198,4,12,26,9,Kings XI Punjab,Holkar Cricket Stadium,2017-04-20,Mumbai Indians,field,Mumbai Indians,2017,199,2,Kings XI Punjab
1082613,187,5,3,27,4,Kolkata Knight Riders,Eden Gardens,2017-04-21,Gujarat Lions,field,Gujarat Lions,2017,188,6,Kolkata Knight Riders
1082614,142,8,16,15,4,Mumbai Indians,Wankhede Stadium,2017-04-22,Delhi Daredevils,field,Mumbai Indians,2017,128,7,Mumbai Indians
1082615,176,3,8,22,5,Sunrisers Hyderabad,Maharashtra Cricket Association Stadium,2017-04-22,Rising Pune Supergiant,field,Rising Pune Supergiant,2017,179,4,Sunrisers Hyderabad
1082616,188,7,5,26,9,Kings XI Punjab,Saurashtra Cricket Association Stadium,2017-04-23,Gujarat Lions,field,Kings XI Punjab,2017,162,7,Kings XI Punjab
1082617,131,10,8,16,2,Kolkata Knight Riders,Eden Gardens,2017-04-23,Royal Challengers Bangalore,field,Kolkata Knight Riders,2017,49,10,Kolkata Knight Riders
1082618,160,6,4,20,3,Rising Pune Supergiant,Wankhede Stadium,2017-04-24,Mumbai Indians,field,Rising Pune Supergiant,2017,157,8,Rising Pune Supergiant
1082620,182,5,7,22,6,Rising Pune Supergiant,Maharashtra Cricket Association Stadium,2017-04-26,Kolkata Knight Riders,field,Kolkata Knight Riders,2017,184,3,Rising Pune Supergiant
1082621,134,10,12,13,4,Royal Challengers Bangalore,M Chinnaswamy Stadium,2017-04-27,Gujarat Lions,field,Gujarat Lions,2017,135,3,Royal Challengers Bangalore
1082622,160,6,7,18,4,Delhi Daredevils,Eden Gardens,2017-04-28,Kolkata Knight Riders,field,Kolkata Knight Riders,2017,161,3,Delhi Daredevils
1082623,207,3,3,26,7,Sunrisers Hyderabad,Punjab Cricket Association Stadium,2017-04-28,Kings XI Punjab,field,Sunrisers Hyderabad,2017,181,9,Sunrisers Hyderabad
1082624,157,3,4,18,4,Rising Pune Supergiant,Maharashtra Cricket Association Stadium,2017-04-29,Royal Challengers Bangalore,field,Rising Pune Supergiant,2017,96,9,Rising Pune Supergiant
1082625,153,9,11,19,6,Gujarat Lions,Saurashtra Cricket Association Stadium,2017-04-29,Gujarat Lions,bat,Unknown,2017,153,10,Gujarat Lions
1082626,67,10,5,5,2,Delhi Daredevils,Punjab Cricket Association Stadium,2017-04-30,Kings XI Punjab,field,Kings XI Punjab,2017,68,0,Delhi Daredevils
1082627,209,3,8,26,9,Sunrisers Hyderabad,Rajiv Gandhi International Stadium,2017-04-30,Kolkata Knight Riders,field,Sunrisers Hyderabad,2017,161,7,Sunrisers Hyderabad
1082628,162,8,4,18,8,Royal Challengers Bangalore,Wankhede Stadium,2017-05-01,Royal Challengers Bangalore,bat,Mumbai Indians,2017,165,6,Royal Challengers Bangalore
1082629,161,10,7,20,5,Gujarat Lions,Maharashtra Cricket Association Stadium,2017-05-01,Rising Pune Supergiant,field,Rising Pune Supergiant,2017,167,5,Gujarat Lions
1082630,185,3,8,27,4,Sunrisers Hyderabad,Feroz Shah Kotla,2017-05-02,Delhi Daredevils,field,Delhi Daredevils,2017,189,4,Sunrisers Hyderabad
1082631,155,8,5,21,7,Kolkata Knight Riders,Eden Gardens,2017-05-03,Rising Pune Supergiant,field,Rising Pune Supergiant,2017,158,6,Kolkata Knight Riders
1082632,208,7,5,27,11,Gujarat Lions,Feroz Shah Kotla,2017-05-04,Delhi Daredevils,field,Delhi Daredevils,2017,214,3,Gujarat Lions
1082633,138,7,12,14,3,Kings XI Punjab,M Chinnaswamy Stadium,2017-05-05,Royal Challengers Bangalore,field,Kings XI Punjab,2017,119,10,Kings XI Punjab
1082634,148,8,7,11,6,Rising Pune Supergiant,Rajiv Gandhi International Stadium,2017-05-06,Sunrisers Hyderabad,field,Rising Pune Supergiant,2017,136,9,Rising Pune Supergiant
1082635,212,3,19,26,11,Mumbai Indians,Feroz Shah Kotla,2017-05-06,Delhi Daredevils,field,Mumbai Indians,2017,66,10,Mumbai Indians
1082636,158,6,3,17,6,Royal Challengers Bangalore,M Chinnaswamy Stadium,2017-05-07,Kolkata Knight Riders,field,Kolkata Knight Riders,2017,159,4,Royal Challengers Bangalore
1082637,189,3,3,21,7,Kings XI Punjab,Punjab Cricket Association Stadium,2017-05-07,Gujarat Lions,field,Gujarat Lions,2017,192,4,Kings XI Punjab
1082638,138,7,10,13,3,Mumbai Indians,Rajiv Gandhi International Stadium,2017-05-08,Mumbai Indians,bat,Sunrisers Hyderabad,2017,140,3,Mumbai Indians
1082639,167,6,12,18,5,Kings XI Punjab,Punjab Cricket Association Stadium,2017-05-09,Kolkata Knight Riders,field,Kings XI Punjab,2017,153,6,Kings XI Punjab
1082640,195,5,11,26,6,Gujarat Lions,Green Park,2017-05-10,Delhi Daredevils,field,Delhi Daredevils,2017,197,8,Gujarat Lions
1082641,230,3,10,30,12,Kings XI Punjab,Wankhede Stadium,2017-05-11,Mumbai Indians,field,Kings XI Punjab,2017,223,6,Kings XI Punjab
1082642,168,8,7,20,6,Delhi Daredevils,Feroz Shah Kotla,2017-05-12,Delhi Daredevils,bat,Delhi Daredevils,2017,161,7,Delhi Daredevils
1082643,154,10,6,21,6,Gujarat Lions,Green Park,2017-05-13,Sunrisers Hyderabad,field,Sunrisers Hyderabad,2017,158,2,Gujarat Lions
1082644,173,5,17,24,5,Mumbai Indians,Eden Gardens,2017-05-13,Kolkata Knight Riders,field,Mumbai Indians,2017,164,8,Mumbai Indians
1082645,73,10,3,7,2,Kings XI Punjab,Maharashtra Cricket Association Stadium,2017-05-14,Rising Pune Supergiant,field,Rising Pune Supergiant,2017,78,1,Kings XI Punjab
1082646,161,6,9,18,7,Royal Challengers Bangalore,Feroz Shah Kotla,2017-05-14,Royal Challengers Bangalore,bat,Royal Challengers Bangalore,2017,151,10,Royal Challengers Bangalore
1082647,162,4,7,17,8,Rising Pune Supergiant,Wankhede Stadium,2017-05-16,Mumbai Indians,field,Rising Pune Supergiant,2017,142,9,Rising Pune Supergiant
1082648,128,7,7,14,5,Sunrisers Hyderabad,M Chinnaswamy Stadium,2017-05-17,Kolkata Knight Riders,field,Kolkata Knight Riders,2017,48,3,Sunrisers Hyderabad
1082649,107,10,7,11,3,Kolkata Knight Riders,M Chinnaswamy Stadium,2017-05-19,Mumbai Indians,field,Mumbai Indians,2017,111,4,Kolkata Knight Riders
1082650,129,8,8,13,5,Mumbai Indians,Rajiv Gandhi International Stadium,2017-05-21,Mumbai Indians,bat,Mumbai Indians,2017,128,6,Mumbai Indians
1136561,165,4,4,23,5,Mumbai Indians,Wankhede Stadium,2018-04-07,Chennai Super Kings,field,Chennai Super Kings,2018,169,9,Mumbai Indians
1136562,166,7,6,16,5,Delhi Daredevils,Punjab Cricket Association Stadium,2018-04-08,Kings XI Punjab,field,Kings XI Punjab,2018,167,4,Delhi Daredevils
1136563,176,7,6,24,10,Royal Challengers Bangalore,Eden Gardens,2018-04-08,Kolkata Knight Riders,field,Kolkata Knight Riders,2018,177,6,Royal Challengers Bangalore
1136564,125,9,8,12,0,Rajasthan Royals,Rajiv Gandhi International Stadium,2018-04-09,Sunrisers Hyderabad,field,Sunrisers Hyderabad,2018,127,1,Rajasthan Royals
1136565,202,6,5,28,17,Kolkata Knight Riders,MA Chidambaram Stadium,2018-04-10,Chennai Super Kings,field,Chennai Super Kings,2018,205,5,Kolkata Knight Riders
1136566,153,5,3,17,6,Rajasthan Royals,Sawai Mansingh Stadium,2018-04-11,Delhi Daredevils,field,Rajasthan Royals,2018,60,4,Rajasthan Royals
1136567,147,8,8,21,6,Mumbai Indians,Rajiv Gandhi International Stadium,2018-04-12,Sunrisers Hyderabad,field,Sunrisers Hyderabad,2018,151,9,Mumbai Indians
1136568,155,10,6,18,6,Kings XI Punjab,M Chinnaswamy Stadium,2018-04-13,Royal Challengers Bangalore,field,Royal Challengers Bangalore,2018,159,6,Kings XI Punjab
1136569,194,7,10,26,7,Mumbai Indians,Wankhede Stadium,2018-04-14,Delhi Daredevils,field,Delhi Daredevils,2018,195,3,Mumbai Indians
1136570,138,8,7,16,4,Kolkata Knight Riders,Eden Gardens,2018-04-14,Sunrisers Hyderabad,field,Sunrisers Hyderabad,2018,139,5,Kolkata Knight Riders
1136571,217,4,14,28,14,Rajasthan Royals,M Chinnaswamy Stadium,2018-04-15,Royal Challengers Bangalore,field,Rajasthan Royals,2018,198,6,Rajasthan Royals
1136572,197,7,1,28,9,Kings XI Punjab,Punjab Cricket Association Stadium,2018-04-15,Chennai Super Kings,field,Kings XI Punjab,2018,193,5,Kings XI Punjab
1136573,200,9,6,29,15,Kolkata Knight Riders,Eden Gardens,2018-04-16,Delhi Daredevils,field,Kolkata Knight Riders,2018,129,10,Kolkata Knight Riders
1136574,213,6,17,31,13,Mumbai Indians,Wankhede Stadium,2018-04-17,Royal Challengers Bangalore,field,Mumbai Indians,2018,167,8,Mumbai Indians
1136575,160,8,5,19,4,Rajasthan Royals,Sawai Mansingh Stadium,2018-04-18,Kolkata Knight Riders,field,Kolkata Knight Riders,2018,163,3,Rajasthan Royals
1136576,193,3,8,24,14,Kings XI Punjab,Punjab Cricket Association Stadium,2018-04-19,Kings XI Punjab,bat,Kings XI Punjab,2018,178,5,Kings XI Punjab
1136577,204,5,6,31,6,Chennai Super Kings,Maharashtra Cricket Association Stadium,2018-04-20,Rajasthan Royals,field,Chennai Super Kings,2018,140,10,Chennai Super Kings
1136578,191,7,9,26,5,Kolkata Knight Riders,Eden Gardens,2018-04-21,Kings XI Punjab,field,Kings XI Punjab,2018,126,1,Kolkata Knight Riders
1136579,174,5,12,23,10,Delhi Daredevils,M Chinnaswamy Stadium,2018-04-21,Royal Challengers Bangalore,field,Royal Challengers Bangalore,2018,176,4,Delhi Daredevils
1136580,182,3,4,26,8,Chennai Super Kings,Rajiv Gandhi International Stadium,2018-04-22,Sunrisers Hyderabad,field,Chennai Super Kings,2018,178,6,Chennai Super Kings
1136581,167,7,5,20,7,Mumbai Indians,Sawai Mansingh Stadium,2018-04-22,Mumbai Indians,bat,Rajasthan Royals,2018,168,7,Mumbai Indians
1136582,143,8,14,14,2,Kings XI Punjab,Arun Jaitley Stadium,2018-04-23,Delhi Daredevils,field,Kings XI Punjab,2018,139,8,Kings XI Punjab
1136583,118,10,12,14,1,Sunrisers Hyderabad,Wankhede Stadium,2018-04-24,Mumbai Indians,field,Sunrisers Hyderabad,2018,87,10,Sunrisers Hyderabad
1136584,205,8,8,25,16,Royal Challengers Bangalore,M Chinnaswamy Stadium,2018-04-25,Chennai Super Kings,field,Chennai Super Kings,2018,207,5,Royal Challengers Bangalore
1136585,132,6,8,13,2,Sunrisers Hyderabad,Rajiv Gandhi International Stadium,2018-04-26,Kings XI Punjab,field,Sunrisers Hyderabad,2018,119,10,Sunrisers Hyderabad
1136586,219,4,4,31,16,Delhi Daredevils,Arun Jaitley Stadium,2018-04-27,Kolkata Knight Riders,field,Delhi Daredevils,2018,164,9,Delhi Daredevils
1136587,169,5,7,21,9,Chennai Super Kings,Maharashtra Cricket Association Stadium,2018-04-28,Mumbai Indians,field,Mumbai Indians,2018,170,2,Chennai Super Kings
1136588,151,7,1,17,2,Sunrisers Hyderabad,Sawai Mansingh Stadium,2018-04-29,Sunrisers Hyderabad,bat,Sunrisers Hyderabad,2018,140,6,Sunrisers Hyderabad
1136589,175,4,10,21,9,Royal Challengers Bangalore,M Chinnaswamy Stadium,2018-04-29,Kolkata Knight Riders,field,Kolkata Knight Riders,2018,176,5,Royal Challengers Bangalore
1136590,211,4,7,28,14,Chennai Super Kings,Maharashtra Cricket Association Stadium,2018-04-30,Delhi Daredevils,field,Chennai Super Kings,2018,198,5,Chennai Super Kings
1136591,167,7,6,21,11,Royal Challengers Bangalore,M Chinnaswamy Stadium,2018-05-01,Mumbai Indians,field,Royal Challengers Bangalore,2018,153,7,Royal Challengers Bangalore
1136592,196,6,7,30,13,Delhi Daredevils,Arun Jaitley Stadium,2018-05-02,Rajasthan Royals,field,Delhi Daredevils,2018,146,5,Delhi Daredevils
1136593,177,5,7,24,7,Chennai Super Kings,Eden Gardens,2018-05-03,Kolkata Knight Riders,field,Kolkata Knight Riders,2018,180,4,Chennai Super Kings
1136594,174,6,10,21,11,Kings XI Punjab,Holkar Cricket Stadium,2018-05-04,Mumbai Indians,field,Mumbai Indians,2018,176,4,Kings XI Punjab
1136595,127,9,4,15,3,Royal Challengers Bangalore,Maharashtra Cricket Association Stadium,2018-05-05,Chennai Super Kings,field,Chennai Super Kings,2018,128,4,Royal Challengers Bangalore
1136596,163,5,3,17,6,Delhi Daredevils,Rajiv Gandhi International Stadium,2018-05-05,Delhi Daredevils,bat,Sunrisers Hyderabad,2018,164,3,Delhi Daredevils
1136597,181,4,6,25,7,Mumbai Indians,Wankhede Stadium,2018-05-06,Kolkata Knight Riders,field,Mumbai Indians,2018,168,6,Mumbai Indians
1136598,152,9,8,17,1,Rajasthan Royals,Holkar Cricket Stadium,2018-05-06,Kings XI Punjab,field,Kings XI Punjab,2018,155,4,Rajasthan Royals
1136599,146,10,9,17,3,Sunrisers Hyderabad,Rajiv Gandhi International Stadium,2018-05-07,Royal Challengers Bangalore,field,Sunrisers Hyderabad,2018,141,6,Sunrisers Hyderabad
1136600,158,8,3,17,4,Rajasthan Royals,Sawai Mansingh Stadium,2018-05-08,Rajasthan Royals,bat,Rajasthan Royals,2018,143,7,Rajasthan Royals
1136601,210,6,7,30,14,Mumbai Indians,Eden Gardens,2018-05-09,Kolkata Knight Riders,field,Mumbai Indians,2018,108,10,Mumbai Indians
1136602,187,5,3,28,9,Delhi Daredevils,Arun Jaitley Stadium,2018-05-10,Delhi Daredevils,bat,Sunrisers Hyderabad,2018,191,1,Delhi Daredevils
1136603,176,4,12,18,4,Chennai Super Kings,Sawai Mansingh Stadium,2018-05-11,Chennai Super Kings,bat,Rajasthan Royals,2018,177,6,Chennai Super Kings
1136604,245,6,5,39,15,Kolkata Knight Riders,Holkar Cricket Stadium,2018-05-12,Kings XI Punjab,field,Kolkata Knight Riders,2018,214,8,Kolkata Knight Riders
1136605,181,4,7,23,9,Delhi Daredevils,Arun Jaitley Stadium,2018-05-12,Royal Challengers Bangalore,field,Royal Challengers Bangalore,2018,187,5,Delhi Daredevils
1136606,179,4,13,23,6,Sunrisers Hyderabad,Maharashtra Cricket Association Stadium,2018-05-13,Chennai Super Kings,field,Chennai Super Kings,2018,180,2,Sunrisers Hyderabad
1136607,168,6,9,22,7,Mumbai Indians,Wankhede Stadium,2018-05-13,Rajasthan Royals,field,Rajasthan Royals,2018,171,3,Mumbai Indians
1136608,88,10,5,10,5,Kings XI Punjab,Holkar Cricket Stadium,2018-05-14,Royal Challengers Bangalore,field,Royal Challengers Bangalore,2018,92,0,Kings XI Punjab
1136609,142,10,2,20,4,Rajasthan Royals,Eden Gardens,2018-05-15,Kolkata Knight Riders,field,Kolkata Knight Riders,2018,145,4,Rajasthan Royals
1136610,186,8,11,23,11,Mumbai Indians,Wankhede Stadium,2018-05-16,Kings XI Punjab,field,Mumbai Indians,2018,183,5,Mumbai Indians
1136611,218,6,4,32,12,Royal Challengers Bangalore,M Chinnaswamy Stadium,2018-05-17,Sunrisers Hyderabad,field,Royal Challengers Bangalore,2018,204,3,Royal Challengers Bangalore
1136612,162,5,9,19,9,Delhi Daredevils,Arun Jaitley Stadium,2018-05-18,Chennai Super Kings,field,Delhi Daredevils,2018,128,6,Delhi Daredevils
1136613,164,5,5,17,6,Rajasthan Royals,Sawai Mansingh Stadium,2018-05-19,Rajasthan Royals,bat,Rajasthan Royals,2018,134,10,Rajasthan Royals
1136614,172,9,11,20,6,Sunrisers Hyderabad,Rajiv Gandhi International Stadium,2018-05-19,Sunrisers Hyderabad,bat,Kolkata Knight Riders,2018,173,5,Sunrisers Hyderabad
1136615,174,4,12,20,7,Delhi Daredevils,Arun Jaitley Stadium,2018-05-20,Delhi Daredevils,bat,Delhi Daredevils,2018,163,10,Delhi Daredevils
1136616,153,10,11,17,8,Kings XI Punjab,Maharashtra Cricket Association Stadium,2018-05-20,Chennai Super Kings,field,Chennai Super Kings,2018,159,5,Kings XI Punjab
1136617,139,7,9,16,4,Sunrisers Hyderabad,Wankhede Stadium,2018-05-22,Chennai Super Kings,field,Chennai Super Kings,2018,140,8,Sunrisers Hyderabad
1136618,169,7,10,21,8,Kolkata Knight Riders,Eden Gardens,2018-05-23,Rajasthan Royals,field,Kolkata Knight Riders,2018,144,4,Kolkata Knight Riders
1136619,174,7,5,23,7,Sunrisers Hyderabad,Eden Gardens,2018-05-25,Kolkata Knight Riders,field,Sunrisers Hyderabad,2018,160,9,Sunrisers Hyderabad
1136620,178,6,8,22,9,Sunrisers Hyderabad,Wankhede Stadium,2018-05-27,Chennai Super Kings,field,Chennai Super Kings,2018,181,2,Sunrisers Hyderabad
1175356,70,10,4,4,1,Royal Challengers Bangalore,MA Chidambaram Stadium,2019-03-23,Chennai Super Kings,field,Chennai Super Kings,2019,71,3,Royal Challengers Bangalore
1175357,181,3,8,21,6,Sunrisers Hyderabad,Eden Gardens,2019-03-24,Kolkata Knight Riders,field,Kolkata Knight Riders,2019,183,4,Sunrisers Hyderabad
1175358,213,6,6,33,11,Delhi Capitals,Wankhede Stadium,2019-03-24,Mumbai Indians,field,Delhi Capitals,2019,176,9,Delhi Capitals
1175359,184,4,16,24,7,Kings XI Punjab,Sawai Mansingh Stadium,2019-03-25,Rajasthan Royals,field,Kings XI Punjab,2019,170,9,Kings XI Punjab
1175360,147,6,7,18,2,Delhi Capitals,Arun Jaitley Stadium,2019-03-26,Delhi Capitals,bat,Chennai Super Kings,2019,150,4,Delhi Capitals
1175361,218,4,5,31,17,Kolkata Knight Riders,Eden Gardens,2019-03-27,Kings XI Punjab,field,Kolkata Knight Riders,2019,190,4,Kolkata Knight Riders
1175362,187,8,10,26,9,Mumbai Indians,M Chinnaswamy Stadium,2019-03-28,Royal Challengers Bangalore,field,Mumbai Indians,2019,181,5,Mumbai Indians
1175363,198,2,5,25,7,Rajasthan Royals,Rajiv Gandhi International Stadium,2019-03-29,Rajasthan Royals,bat,Sunrisers Hyderabad,2019,201,5,Rajasthan Royals
1175364,176,7,7,23,3,Mumbai Indians,Punjab Cricket Association Stadium,2019-03-30,Kings XI Punjab,field,Kings XI Punjab,2019,177,2,Mumbai Indians
1175365,185,8,8,26,9,Kolkata Knight Riders,Arun Jaitley Stadium,2019-03-30,Delhi Capitals,field,Unknown,2019,185,6,Kolkata Knight Riders
1175366,231,2,2,30,13,Sunrisers Hyderabad,Rajiv Gandhi International Stadium,2019-03-31,Royal Challengers Bangalore,field,Sunrisers Hyderabad,2019,113,10,Sunrisers Hyderabad
1175367,175,5,7,22,8,Chennai Super Kings,MA Chidambaram Stadium,2019-03-31,Rajasthan Royals,field,Chennai Super Kings,2019,167,8,Chennai Super Kings
1175368,166,9,9,22,5,Kings XI Punjab,Punjab Cricket Association Stadium,2019-04-01,Delhi Capitals,field,Kings XI Punjab,2019,152,10,Kings XI Punjab
1175369,158,4,5,21,3,Royal Challengers Bangalore,Sawai Mansingh Stadium,2019-04-02,Rajasthan Royals,field,Rajasthan Royals,2019,164,3,Royal Challengers Bangalore
1175370,170,5,6,23,7,Mumbai Indians,Wankhede Stadium,2019-04-03,Chennai Super Kings,field,Mumbai Indians,2019,133,8,Mumbai Indians
1175371,129,8,5,13,4,Delhi Capitals,Arun Jaitley Stadium,2019-04-04,Sunrisers Hyderabad,field,Sunrisers Hyderabad,2019,131,5,Delhi Capitals
1175372,205,3,5,27,7,Royal Challengers Bangalore,M Chinnaswamy Stadium,2019-04-05,Kolkata Knight Riders,field,Kolkata Knight Riders,2019,206,5,Royal Challengers Bangalore
1178393,160,3,5,18,7,Chennai Super Kings,MA Chidambaram Stadium,2019-04-06,Chennai Super Kings,bat,Chennai Super Kings,2019,138,5,Chennai Super Kings
1178394,136,7,6,15,7,Mumbai Indians,Rajiv Gandhi International Stadium,2019-04-06,Sunrisers Hyderabad,field,Mumbai Indians,2019,96,10,Mumbai Indians
1178395,149,8,5,15,7,Royal Challengers Bangalore,M Chinnaswamy Stadium,2019-04-07,Delhi Capitals,field,Delhi Capitals,2019,152,6,Royal Challengers Bangalore
1178396,139,3,11,15,2,Rajasthan Royals,Sawai Mansingh Stadium,2019-04-07,Kolkata Knight Riders,field,Kolkata Knight Riders,2019,140,2,Rajasthan Royals
1178397,150,4,8,14,2,Sunrisers Hyderabad,Punjab Cricket Association Stadium,2019-04-08,Kings XI Punjab,field,Kings XI Punjab,2019,151,4,Sunrisers Hyderabad
1178398,108,9,4,15,4,Kolkata Knight Riders,MA Chidambaram Stadium,2019-04-09,Chennai Super Kings,field,Chennai Super Kings,2019,111,3,Kolkata Knight Riders
1178399,197,4,7,26,13,Kings XI Punjab,Wankhede Stadium,2019-04-10,Mumbai Indians,field,Mumbai Indians,2019,198,7,Kings XI Punjab
1178400,151,7,7,18,2,Rajasthan Royals,Sawai Mansingh Stadium,2019-04-11,Chennai Super Kings,field,Chennai Super Kings,2019,155,6,Rajasthan Royals
1178401,178,7,5,24,8,Kolkata Knight Riders,Eden Gardens,2019-04-12,Delhi Capitals,field,Delhi Capitals,2019,180,3,Kolkata Knight Riders
1178402,187,5,4,23,9,Mumbai Indians,Wankhede Stadium,2019-04-13,Rajasthan Royals,field,Rajasthan Royals,2019,188,6,Mumbai Indians
1178403,173,4,7,23,8,Kings XI Punjab,Punjab Cricket Association Stadium,2019-04-13,Royal Challengers Bangalore,field,Royal Challengers Bangalore,2019,174,2,Kings XI Punjab
1178404,161,8,9,20,7,Kolkata Knight Riders,Eden Gardens,2019-04-14,Chennai Super Kings,field,Chennai Super Kings,2019,162,5,Kolkata Knight Riders
1178405,155,7,9,18,4,Delhi Capitals,Rajiv Gandhi International Stadium,2019-04-14,Sunrisers Hyderabad,field,Delhi Capitals,2019,116,10,Delhi Capitals
1178406,171,7,8,22,10,Royal Challengers Bangalore,Wankhede Stadium,2019-04-15,Mumbai Indians,field,Mumbai Indians,2019,172,5,Royal Challengers Bangalore
1178407,182,6,12,20,11,Kings XI Punjab,Punjab Cricket Association Stadium,2019-04-16,Rajasthan Royals,field,Kings XI Punjab,2019,170,7,Kings XI Punjab
1178408,132,5,7,14,3,Chennai Super Kings,Rajiv Gandhi International Stadium,2019-04-17,Chennai Super Kings,bat,Sunrisers Hyderabad,2019,137,4,Chennai Super Kings
1178409,168,5,6,20,6,Mumbai Indians,Arun Jaitley Stadium,2019-04-18,Mumbai Indians,bat,Mumbai Indians,2019,128,9,Mumbai Indians
1178410,213,4,6,30,12,Royal Challengers Bangalore,Eden Gardens,2019-04-19,Kolkata Knight Riders,field,Royal Challengers Bangalore,2019,203,5,Royal Challengers Bangalore
1178411,161,5,9,17,6,Mumbai Indians,Sawai Mansingh Stadium,2019-04-20,Rajasthan Royals,field,Rajasthan Royals,2019,162,5,Mumbai Indians
1178412,163,7,5,21,8,Kings XI Punjab,Arun Jaitley Stadium,2019-04-20,Delhi Capitals,field,Delhi Capitals,2019,166,5,Kings XI Punjab
1178413,159,8,5,19,8,Kolkata Knight Riders,Rajiv Gandhi International Stadium,2019-04-21,Sunrisers Hyderabad,field,Sunrisers Hyderabad,2019,161,1,Kolkata Knight Riders
1178414,161,7,4,20,7,Royal Challengers Bangalore,M Chinnaswamy Stadium,2019-04-21,Chennai Super Kings,field,Royal Challengers Bangalore,2019,160,8,Royal Challengers Bangalore
1178415,191,6,5,26,3,Rajasthan Royals,Sawai Mansingh Stadium,2019-04-22,Delhi Capitals,field,Delhi Capitals,2019,193,4,Rajasthan Royals
1178416,175,3,4,18,6,Sunrisers Hyderabad,MA Chidambaram Stadium,2019-04-23,Chennai Super Kings,field,Chennai Super Kings,2019,176,4,Sunrisers Hyderabad
1178417,202,4,11,27,12,Royal Challengers Bangalore,M Chinnaswamy Stadium,2019-04-24,Kings XI Punjab,field,Royal Challengers Bangalore,2019,185,7,Royal Challengers Bangalore
1178418,175,6,10,25,11,Kolkata Knight Riders,Eden Gardens,2019-04-25,Rajasthan Royals,field,Rajasthan Royals,2019,177,7,Kolkata Knight Riders
1178419,155,4,4,19,6,Mumbai Indians,MA Chidambaram Stadium,2019-04-26,Chennai Super Kings,field,Mumbai Indians,2019,109,10,Mumbai Indians
1178420,160,8,9,14,1,Sunrisers Hyderabad,Sawai Mansingh Stadium,2019-04-27,Rajasthan Royals,field,Rajasthan Royals,2019,161,3,Sunrisers Hyderabad
1178421,187,5,5,26,9,Delhi Capitals,Arun Jaitley Stadium,2019-04-28,Delhi Capitals,bat,Delhi Capitals,2019,171,7,Delhi Capitals
1178422,232,2,7,36,15,Kolkata Knight Riders,Eden Gardens,2019-04-28,Mumbai Indians,field,Kolkata Knight Riders,2019,198,7,Kolkata Knight Riders
1178423,212,6,20,22,7,Sunrisers Hyderabad,Rajiv Gandhi International Stadium,2019-04-29,Kings XI Punjab,field,Sunrisers Hyderabad,2019,167,8,Sunrisers Hyderabad
1178424,62,7,3,9,3,Royal Challengers Bangalore,M Chinnaswamy Stadium,2019-04-30,Rajasthan Royals,field,Unknown,2019,41,1,Royal Challengers Bangalore
1178425,179,4,7,25,8,Chennai Super Kings,MA Chidambaram Stadium,2019-05-01,Delhi Capitals,field,Chennai Super Kings,2019,99,10,Chennai Super Kings
1178426,162,5,8,21,6,Mumbai Indians,Wankhede Stadium,2019-05-02,Mumbai Indians,bat,Unknown,2019,162,6,Mumbai Indians
1178427,183,6,3,23,8,Kings XI Punjab,Punjab Cricket Association Stadium,2019-05-03,Kolkata Knight Riders,field,Kolkata Knight Riders,2019,185,3,Kings XI Punjab
1178428,115,9,9,11,3,Rajasthan Royals,Arun Jaitley Stadium,2019-05-04,Rajasthan Royals,bat,Delhi Capitals,2019,121,5,Rajasthan Royals
1178429,175,7,4,24,9,Sunrisers Hyderabad,M Chinnaswamy Stadium,2019-05-04,Royal Challengers Bangalore,field,Royal Challengers Bangalore,2019,178,6,Sunrisers Hyderabad
1178430,170,5,2,22,6,Chennai Super Kings,Punjab Cricket Association Stadium,2019-05-05,Kings XI Punjab,field,Kings XI Punjab,2019,173,4,Chennai Super Kings
1178431,133,7,10,13,10,Kolkata Knight Riders,Wankhede Stadium,2019-05-05,Mumbai Indians,field,Mumbai Indians,2019,134,1,Kolkata Knight Riders
1181764,131,4,5,14,4,Chennai Super Kings,MA Chidambaram Stadium,2019-05-07,Chennai Super Kings,bat,Mumbai Indians,2019,132,4,Chennai Super Kings
1181766,162,8,10,19,7,Sunrisers Hyderabad,Dr. Y.S. Rajasekhara Reddy ACA-VDCA Cricket Stadium,2019-05-08,Delhi Capitals,field,Delhi Capitals,2019,165,8,Sunrisers Hyderabad
1181767,147,9,8,17,4,Delhi Capitals,Dr. Y.S. Rajasekhara Reddy ACA-VDCA Cricket Stadium,2019-05-10,Chennai Super Kings,field,Chennai Super Kings,2019,151,4,Delhi Capitals
1181768,149,8,3,18,9,Mumbai Indians,Rajiv Gandhi International Stadium,2019-05-12,Mumbai Indians,bat,Mumbai Indians,2019,148,7,Mumbai Indians
1216492,162,9,5,19,4,Mumbai Indians,Sheikh Zayed Stadium,2020-09-19,Chennai Super Kings,field,Chennai Super Kings,2020/21,166,5,Mumbai Indians
1216493,157,8,9,19,6,Delhi Capitals,Dubai International Cricket Stadium,2020-09-20,Kings XI Punjab,field,Unknown,2020/21,157,8,Delhi Capitals
1216494,84,8,3,8,2,Kolkata Knight Riders,Sheikh Zayed Stadium,2020-10-21,Kolkata Knight Riders,bat,Royal Challengers Bangalore,2020/21,85,2,Kolkata Knight Riders
1216495,149,8,1,18,8,Mumbai Indians,Sharjah Cricket Stadium,2020-11-03,Sunrisers Hyderabad,field,Sunrisers Hyderabad,2020/21,151,0,Mumbai Indians
1216496,216,7,9,26,17,Rajasthan Royals,Sharjah Cricket Stadium,2020-09-22,Chennai Super Kings,field,Rajasthan Royals,2020/21,200,6,Rajasthan Royals
1216497,194,6,7,30,6,Kolkata Knight Riders,Sheikh Zayed Stadium,2020-10-24,Delhi Capitals,field,Kolkata Knight Riders,2020/21,135,9,Kolkata Knight Riders
1216498,126,7,7,9,2,Kings XI Punjab,Dubai International Cricket Stadium,2020-10-24,Sunrisers Hyderabad,field,Kings XI Punjab,2020/21,114,10,Kings XI Punjab
1216499,164,6,3,24,3,Royal Challengers Bangalore,Sheikh Zayed Stadium,2020-10-28,Mumbai Indians,field,Mumbai Indians,2020/21,166,5,Royal Challengers Bangalore
1216500,184,8,14,22,11,Delhi Capitals,Sharjah Cricket Stadium,2020-10-09,Rajasthan Royals,field,Delhi Capitals,2020/21,138,10,Delhi Capitals
1216501,167,10,10,19,5,Kolkata Knight Riders,Sheikh Zayed Stadium,2020-10-07,Kolkata Knight Riders,bat,Kolkata Knight Riders,2020/21,157,5,Kolkata Knight Riders
1216502,120,7,11,10,1,Royal Challengers Bangalore,Sharjah Cricket Stadium,2020-10-31,Sunrisers Hyderabad,field,Sunrisers Hyderabad,2020/21,121,5,Royal Challengers Bangalore
1216503,191,4,6,27,10,Mumbai Indians,Sheikh Zayed Stadium,2020-10-01,Kings XI Punjab,field,Mumbai Indians,2020/21,143,8,Mumbai Indians
1216504,174,6,11,20,8,Kolkata Knight Riders,Dubai International Cricket Stadium,2020-09-30,Rajasthan Royals,field,Kolkata Knight Riders,2020/21,137,9,Kolkata Knight Riders
1216505,152,7,4,16,4,Royal Challengers Bangalore,Sheikh Zayed Stadium,2020-11-02,Delhi Capitals,field,Delhi Capitals,2020/21,154,4,Royal Challengers Bangalore
1216506,153,6,2,17,5,Kings XI Punjab,Sheikh Zayed Stadium,2020-11-01,Chennai Super Kings,field,Chennai Super Kings,2020/21,154,1,Kings XI Punjab
1216507,158,4,3,15,9,Sunrisers Hyderabad,Dubai International Cricket Stadium,2020-10-11,Sunrisers Hyderabad,bat,Rajasthan Royals,2020/21,163,5,Sunrisers Hyderabad
1216508,195,5,14,22,9,Mumbai Indians,Sheikh Zayed Stadium,2020-09-23,Kolkata Knight Riders,field,Mumbai Indians,2020/21,146,9,Mumbai Indians
1216509,179,4,4,23,10,Chennai Super Kings,Sharjah Cricket Stadium,2020-10-17,Chennai Super Kings,bat,Delhi Capitals,2020/21,185,5,Chennai Super Kings
1216510,206,3,11,28,7,Kings XI Punjab,Dubai International Cricket Stadium,2020-09-24,Royal Challengers Bangalore,field,Kings XI Punjab,2020/21,109,10,Kings XI Punjab
1216511,193,4,14,26,8,Mumbai Indians,Sheikh Zayed Stadium,2020-10-06,Mumbai Indians,bat,Mumbai Indians,2020/21,136,10,Mumbai Indians
1216512,163,5,3,21,5,Kolkata Knight Riders,Sheikh Zayed Stadium,2020-10-18,Sunrisers Hyderabad,field,Unknown,2020/21,163,6,Kolkata Knight Riders
1216513,178,4,4,20,6,Kings XI Punjab,Dubai International Cricket Stadium,2020-10-04,Kings XI Punjab,bat,Chennai Super Kings,2020/21,181,0,Kings XI Punjab
1216514,154,6,3,17,8,Rajasthan Royals,Sheikh Zayed Stadium,2020-10-03,Rajasthan Royals,bat,Royal Challengers Bangalore,2020/21,158,2,Rajasthan Royals
1216515,228,4,2,32,14,Delhi Capitals,Sharjah Cricket Stadium,2020-10-03,Kolkata Knight Riders,field,Delhi Capitals,2020/21,210,8,Delhi Capitals
1216516,164,5,8,21,2,Sunrisers Hyderabad,Dubai International Cricket Stadium,2020-10-02,Sunrisers Hyderabad,bat,Sunrisers Hyderabad,2020/21,157,5,Sunrisers Hyderabad
1216517,176,6,7,25,9,Mumbai Indians,Dubai International Cricket Stadium,2020-10-18,Mumbai Indians,bat,Unknown,2020/21,176,6,Mumbai Indians
1216518,154,6,3,16,4,Rajasthan Royals,Dubai International Cricket Stadium,2020-10-22,Sunrisers Hyderabad,field,Sunrisers Hyderabad,2020/21,156,2,Rajasthan Royals
1216519,196,4,10,25,7,Delhi Capitals,Dubai International Cricket Stadium,2020-10-05,Royal Challengers Bangalore,field,Delhi Capitals,2020/21,137,9,Delhi Capitals
1216520,149,9,6,20,8,Kolkata Knight Riders,Sharjah Cricket Stadium,2020-10-26,Kings XI Punjab,field,Kings XI Punjab,2020/21,150,2,Kolkata Knight Riders
1216521,114,9,12,12,3,Chennai Super Kings,Sharjah Cricket Stadium,2020-10-23,Mumbai Indians,field,Mumbai Indians,2020/21,116,0,Chennai Super Kings
1216522,177,6,10,22,5,Rajasthan Royals,Dubai International Cricket Stadium,2020-10-17,Rajasthan Royals,bat,Royal Challengers Bangalore,2020/21,179,3,Rajasthan Royals
1216523,164,6,9,20,3,Kolkata Knight Riders,Sheikh Zayed Stadium,2020-10-10,Kolkata Knight Riders,bat,Kolkata Knight Riders,2020/21,162,5,Kolkata Knight Riders
1216524,219,2,11,30,5,Sunrisers Hyderabad,Dubai International Cricket Stadium,2020-10-27,Delhi Capitals,field,Sunrisers Hyderabad,2020/21,131,10,Sunrisers Hyderabad
1216525,169,4,12,15,7,Royal Challengers Bangalore,Dubai International Cricket Stadium,2020-10-10,Royal Challengers Bangalore,bat,Royal Challengers Bangalore,2020/21,132,8,Royal Challengers Bangalore
1216526,148,5,7,18,5,Kolkata Knight Riders,Sheikh Zayed Stadium,2020-10-16,Kolkata Knight Riders,bat,Mumbai Indians,2020/21,149,2,Kolkata Knight Riders
1216527,223,2,10,31,11,Kings XI Punjab,Sharjah Cricket Stadium,2020-09-27,Rajasthan Royals,field,Rajasthan Royals,2020/21,226,6,Kings XI Punjab
1216528,167,6,5,21,9,Chennai Super Kings,Dubai International Cricket Stadium,2020-10-13,Chennai Super Kings,bat,Chennai Super Kings,2020/21,147,8,Chennai Super Kings
1216529,162,4,5,18,1,Delhi Capitals,Sheikh Zayed Stadium,2020-10-11,Delhi Capitals,bat,Mumbai Indians,2020/21,166,5,Delhi Capitals
1216530,191,7,7,28,12,Kolkata Knight Riders,Dubai International Cricket Stadium,2020-11-01,Rajasthan Royals,field,Kolkata Knight Riders,2020/21,131,9,Kolkata Knight Riders
1216531,171,6,12,16,8,Royal Challengers Bangalore,Sharjah Cricket Stadium,2020-10-15,Royal Challengers Bangalore,bat,Kings XI Punjab,2020/21,177,2,Royal Challengers Bangalore
1216532,162,4,7,15,4,Sunrisers Hyderabad,Sheikh Zayed Stadium,2020-09-29,Delhi Capitals,field,Sunrisers Hyderabad,2020/21,147,7,Sunrisers Hyderabad
1216533,125,5,5,13,1,Chennai Super Kings,Sheikh Zayed Stadium,2020-10-19,Chennai Super Kings,bat,Rajasthan Royals,2020/21,126,3,Chennai Super Kings
1216534,163,5,5,17,4,Royal Challengers Bangalore,Dubai International Cricket Stadium,2020-09-21,Sunrisers Hyderabad,field,Royal Challengers Bangalore,2020/21,153,10,Royal Challengers Bangalore
1216535,110,9,5,10,3,Delhi Capitals,Dubai International Cricket Stadium,2020-10-31,Mumbai Indians,field,Mumbai Indians,2020/21,111,1,Delhi Capitals
1216536,172,5,2,25,5,Kolkata Knight Riders,Dubai International Cricket Stadium,2020-10-29,Chennai Super Kings,field,Chennai Super Kings,2020/21,178,4,Kolkata Knight Riders
1216537,185,4,11,23,13,Kings XI Punjab,Sheikh Zayed Stadium,2020-10-30,Rajasthan Royals,field,Rajasthan Royals,2020/21,186,3,Kings XI Punjab
1216538,208,5,4,29,14,Mumbai Indians,Sharjah Cricket Stadium,2020-10-04,Mumbai Indians,bat,Mumbai Indians,2020/21,174,7,Mumbai Indians
1216539,175,3,8,22,2,Delhi Capitals,Dubai International Cricket Stadium,2020-09-25,Chennai Super Kings,field,Delhi Capitals,2020/21,131,7,Delhi Capitals
1216540,194,2,9,22,8,Royal Challengers Bangalore,Sharjah Cricket Stadium,2020-10-12,Royal Challengers Bangalore,bat,Royal Challengers Bangalore,2020/21,112,9,Royal Challengers Bangalore
1216541,195,5,9,26,12,Mumbai Indians,Sheikh Zayed Stadium,2020-10-25,Mumbai Indians,bat,Rajasthan Royals,2020/21,196,2,Mumbai Indians
1216542,201,6,11,24,9,Sunrisers Hyderabad,Dubai International Cricket Stadium,2020-10-08,Sunrisers Hyderabad,bat,Sunrisers Hyderabad,2020/21,132,10,Sunrisers Hyderabad
1216543,161,7,10,16,5,Delhi Capitals,Dubai International Cricket Stadium,2020-10-14,Delhi Capitals,bat,Delhi Capitals,2020/21,148,8,Delhi Capitals
1216544,145,6,9,13,2,Royal Challengers Bangalore,Dubai International Cricket Stadium,2020-10-25,Royal Challengers Bangalore,bat,Chennai Super Kings,2020/21,150,2,Royal Challengers Bangalore
1216545,142,4,7,12,4,Sunrisers Hyderabad,Sheikh Zayed Stadium,2020-09-26,Sunrisers Hyderabad,bat,Kolkata Knight Riders,2020/21,145,3,Sunrisers Hyderabad
1216546,164,5,4,19,5,Delhi Capitals,Dubai International Cricket Stadium,2020-10-20,Delhi Capitals,bat,Kings XI Punjab,2020/21,167,5,Delhi Capitals
1216547,201,3,10,27,10,Royal Challengers Bangalore,Dubai International Cricket Stadium,2020-09-28,Mumbai Indians,field,Unknown,2020/21,201,5,Royal Challengers Bangalore
1237177,200,5,4,27,12,Mumbai Indians,Dubai International Cricket Stadium,2020-11-05,Delhi Capitals,field,Mumbai Indians,2020/21,143,8,Mumbai Indians
1237178,131,7,4,11,1,Royal Challengers Bangalore,Sheikh Zayed Stadium,2020-11-06,Sunrisers Hyderabad,field,Sunrisers Hyderabad,2020/21,132,4,Royal Challengers Bangalore
1237180,189,3,8,21,5,Delhi Capitals,Sheikh Zayed Stadium,2020-11-08,Delhi Capitals,bat,Delhi Capitals,2020/21,172,8,Delhi Capitals
1237181,156,7,4,19,4,Delhi Capitals,Dubai International Cricket Stadium,2020-11-10,Delhi Capitals,bat,Mumbai Indians,2020/21,157,5,Delhi Capitals
1254058,159,9,4,21,6,Mumbai Indians,MA Chidambaram Stadium,2021-04-09,Royal Challengers Bangalore,field,Royal Challengers Bangalore,2021,160,8,Mumbai Indians
1254059,188,7,10,26,10,Chennai Super Kings,Wankhede Stadium,2021-04-10,Delhi Capitals,field,Delhi Capitals,2021,190,3,Chennai Super Kings
1254060,187,6,7,26,8,Kolkata Knight Riders,MA Chidambaram Stadium,2021-04-11,Sunrisers Hyderabad,field,Kolkata Knight Riders,2021,177,5,Kolkata Knight Riders
1254061,221,6,6,31,13,Punjab Kings,Wankhede Stadium,2021-04-12,Rajasthan Royals,field,Punjab Kings,2021,217,7,Punjab Kings
1254062,152,10,7,19,3,Mumbai Indians,MA Chidambaram Stadium,2021-04-13,Kolkata Knight Riders,field,Mumbai Indians,2021,142,7,Mumbai Indians
1254063,149,8,10,18,4,Royal Challengers Bangalore,MA Chidambaram Stadium,2021-04-14,Sunrisers Hyderabad,field,Royal Challengers Bangalore,2021,143,9,Royal Challengers Bangalore
1254064,147,8,5,20,0,Delhi Capitals,Wankhede Stadium,2021-04-15,Rajasthan Royals,field,Rajasthan Royals,2021,150,7,Delhi Capitals
1254065,106,8,4,12,2,Punjab Kings,Wankhede Stadium,2021-04-16,Chennai Super Kings,field,Chennai Super Kings,2021,107,4,Punjab Kings
1254066,150,5,11,16,6,Mumbai Indians,MA Chidambaram Stadium,2021-04-17,Mumbai Indians,bat,Mumbai Indians,2021,137,10,Mumbai Indians
1254067,204,4,8,29,7,Royal Challengers Bangalore,MA Chidambaram Stadium,2021-04-18,Royal Challengers Bangalore,bat,Royal Challengers Bangalore,2021,166,8,Royal Challengers Bangalore
1254068,195,4,8,27,10,Punjab Kings,Wankhede Stadium,2021-04-18,Delhi Capitals,field,Delhi Capitals,2021,198,4,Punjab Kings
1254069,188,9,14,22,10,Chennai Super Kings,Wankhede Stadium,2021-04-19,Rajasthan Royals,field,Chennai Super Kings,2021,143,9,Chennai Super Kings
1254070,137,9,5,14,4,Mumbai Indians,MA Chidambaram Stadium,2021-04-20,Mumbai Indians,bat,Delhi Capitals,2021,138,4,Mumbai Indians
1254071,120,10,11,9,2,Punjab Kings,MA Chidambaram Stadium,2021-04-21,Punjab Kings,bat,Sunrisers Hyderabad,2021,121,1,Punjab Kings
1254072,220,3,13,31,12,Chennai Super Kings,Wankhede Stadium,2021-04-21,Kolkata Knight Riders,field,Chennai Super Kings,2021,202,10,Chennai Super Kings
1254073,177,9,13,25,7,Rajasthan Royals,Wankhede Stadium,2021-04-22,Royal Challengers Bangalore,field,Royal Challengers Bangalore,2021,181,0,Rajasthan Royals
1254074,131,6,6,12,4,Mumbai Indians,MA Chidambaram Stadium,2021-04-23,Punjab Kings,field,Punjab Kings,2021,132,1,Mumbai Indians
1254075,133,9,9,14,5,Kolkata Knight Riders,Wankhede Stadium,2021-04-24,Rajasthan Royals,field,Rajasthan Royals,2021,134,4,Kolkata Knight Riders
1254076,191,4,6,26,11,Chennai Super Kings,Wankhede Stadium,2021-04-25,Chennai Super Kings,bat,Chennai Super Kings,2021,122,9,Chennai Super Kings
1254077,159,4,4,20,3,Delhi Capitals,MA Chidambaram Stadium,2021-04-25,Delhi Capitals,bat,Unknown,2021,159,7,Delhi Capitals
1254078,123,9,5,13,8,Punjab Kings,Narendra Modi Stadium,2021-04-26,Kolkata Knight Riders,field,Kolkata Knight Riders,2021,126,5,Punjab Kings
1254079,171,5,2,18,9,Royal Challengers Bangalore,Narendra Modi Stadium,2021-04-27,Delhi Capitals,field,Royal Challengers Bangalore,2021,170,4,Royal Challengers Bangalore
1254080,171,3,8,19,5,Sunrisers Hyderabad,Arun Jaitley Stadium,2021-04-28,Sunrisers Hyderabad,bat,Chennai Super Kings,2021,173,3,Sunrisers Hyderabad
1254081,171,4,6,21,7,Rajasthan Royals,Arun Jaitley Stadium,2021-04-29,Mumbai Indians,field,Mumbai Indians,2021,172,3,Rajasthan Royals
1254082,154,6,7,17,7,Kolkata Knight Riders,Narendra Modi Stadium,2021-04-29,Delhi Capitals,field,Delhi Capitals,2021,156,3,Kolkata Knight Riders
1254083,179,5,5,24,9,Punjab Kings,Narendra Modi Stadium,2021-04-30,Royal Challengers Bangalore,field,Punjab Kings,2021,145,8,Punjab Kings
1254084,218,4,10,30,16,Chennai Super Kings,Arun Jaitley Stadium,2021-05-01,Mumbai Indians,field,Mumbai Indians,2021,219,6,Chennai Super Kings
1254085,220,3,14,29,12,Rajasthan Royals,Arun Jaitley Stadium,2021-05-02,Sunrisers Hyderabad,field,Rajasthan Royals,2021,165,8,Rajasthan Royals
1254086,166,6,5,18,7,Punjab Kings,Narendra Modi Stadium,2021-05-02,Delhi Capitals,field,Delhi Capitals,2021,167,3,Punjab Kings
1254087,92,10,6,8,0,Royal Challengers Bangalore,Zayed Cricket Stadium,2021-09-20,Royal Challengers Bangalore,bat,Kolkata Knight Riders,2021,94,1,Royal Challengers Bangalore
1254088,235,9,11,38,8,Mumbai Indians,Zayed Cricket Stadium,2021-10-08,Mumbai Indians,bat,Mumbai Indians,2021,193,8,Mumbai Indians
1254089,189,4,5,24,8,Chennai Super Kings,Zayed Cricket Stadium,2021-10-02,Rajasthan Royals,field,Rajasthan Royals,2021,190,3,Chennai Super Kings
1254090,164,7,10,20,10,Royal Challengers Bangalore,Sharjah Cricket Stadium,2021-10-03,Royal Challengers Bangalore,bat,Royal Challengers Bangalore,2021,158,6,Royal Challengers Bangalore
1254091,134,7,10,11,4,Sunrisers Hyderabad,Sharjah Cricket Stadium,2021-09-30,Chennai Super Kings,field,Chennai Super Kings,2021,139,4,Sunrisers Hyderabad
1254092,127,9,6,14,0,Delhi Capitals,Sharjah Cricket Stadium,2021-09-28,Kolkata Knight Riders,field,Kolkata Knight Riders,2021,130,7,Delhi Capitals
1254093,90,9,3,9,2,Rajasthan Royals,Sharjah Cricket Stadium,2021-10-05,Mumbai Indians,field,Mumbai Indians,2021,94,2,Rajasthan Royals
1254094,134,6,9,15,2,Chennai Super Kings,Dubai International Cricket Stadium,2021-10-07,Punjab Kings,field,Punjab Kings,2021,139,4,Chennai Super Kings
1254095,141,7,4,16,2,Sunrisers Hyderabad,Zayed Cricket Stadium,2021-10-06,Royal Challengers Bangalore,field,Sunrisers Hyderabad,2021,137,6,Sunrisers Hyderabad
1254096,155,6,9,17,6,Mumbai Indians,Zayed Cricket Stadium,2021-09-23,Kolkata Knight Riders,field,Kolkata Knight Riders,2021,159,3,Mumbai Indians
1254097,154,6,9,13,3,Delhi Capitals,Zayed Cricket Stadium,2021-09-25,Rajasthan Royals,field,Delhi Capitals,2021,121,6,Delhi Capitals
1254098,171,6,8,21,4,Kolkata Knight Riders,Zayed Cricket Stadium,2021-09-26,Kolkata Knight Riders,bat,Chennai Super Kings,2021,172,8,Kolkata Knight Riders
1254099,135,6,6,12,1,Punjab Kings,Zayed Cricket Stadium,2021-09-28,Mumbai Indians,field,Mumbai Indians,2021,137,4,Punjab Kings
1254100,164,5,7,19,5,Rajasthan Royals,Dubai International Cricket Stadium,2021-09-27,Rajasthan Royals,bat,Sunrisers Hyderabad,2021,167,3,Rajasthan Royals
1254101,164,5,9,18,6,Delhi Capitals,Dubai International Cricket Stadium,2021-10-08,Royal Challengers Bangalore,field,Royal Challengers Bangalore,2021,166,3,Delhi Capitals
1254102,165,7,8,19,4,Kolkata Knight Riders,Dubai International Cricket Stadium,2021-10-01,Punjab Kings,field,Punjab Kings,2021,168,5,Kolkata Knight Riders
1254103,149,9,4,17,7,Rajasthan Royals,Dubai International Cricket Stadium,2021-09-29,Royal Challengers Bangalore,field,Royal Challengers Bangalore,2021,153,3,Rajasthan Royals
1254104,156,7,11,18,7,Chennai Super Kings,Dubai International Cricket Stadium,2021-09-19,Chennai Super Kings,bat,Chennai Super Kings,2021,136,8,Chennai Super Kings
1254105,134,9,13,13,4,Sunrisers Hyderabad,Dubai International Cricket Stadium,2021-09-22,Sunrisers Hyderabad,bat,Delhi Capitals,2021,139,2,Sunrisers Hyderabad
1254106,171,4,17,19,7,Kolkata Knight Riders,Sharjah Cricket Stadium,2021-10-07,Rajasthan Royals,field,Kolkata Knight Riders,2021,85,10,Kolkata Knight Riders
1254107,125,7,7,10,2,Punjab Kings,Sharjah Cricket Stadium,2021-09-25,Sunrisers Hyderabad,field,Punjab Kings,2021,120,7,Punjab Kings
1254108,165,6,11,21,9,Royal Challengers Bangalore,Dubai International Cricket Stadium,2021-09-26,Mumbai Indians,field,Royal Challengers Bangalore,2021,111,10,Royal Challengers Bangalore
1254109,115,8,3,12,4,Sunrisers Hyderabad,Dubai International Cricket Stadium,2021-10-03,Sunrisers Hyderabad,bat,Kolkata Knight Riders,2021,119,4,Sunrisers Hyderabad
1254110,136,5,15,12,2,Chennai Super Kings,Dubai International Cricket Stadium,2021-10-04,Delhi Capitals,field,Delhi Capitals,2021,139,7,Chennai Super Kings
1254111,185,10,9,26,8,Rajasthan Royals,Dubai International Cricket Stadium,2021-09-21,Punjab Kings,field,Rajasthan Royals,2021,183,4,Rajasthan Royals
1254112,129,8,6,14,5,Mumbai Indians,Sharjah Cricket Stadium,2021-10-02,Delhi Capitals,field,Delhi Capitals,2021,132,6,Mumbai Indians
1254113,156,6,5,17,6,Royal Challengers Bangalore,Sharjah Cricket Stadium,2021-09-24,Chennai Super Kings,field,Chennai Super Kings,2021,157,4,Royal Challengers Bangalore
1254114,172,5,6,21,6,Delhi Capitals,Dubai International Cricket Stadium,2021-10-10,Chennai Super Kings,field,Chennai Super Kings,2021,173,6,Delhi Capitals
1254115,138,7,13,12,0,Royal Challengers Bangalore,Sharjah Cricket Stadium,2021-10-11,Royal Challengers Bangalore,bat,Kolkata Knight Riders,2021,139,6,Royal Challengers Bangalore
1254116,135,5,6,12,6,Delhi Capitals,Sharjah Cricket Stadium,2021-10-13,Kolkata Knight Riders,field,Kolkata Knight Riders,2021,136,7,Delhi Capitals
1254117,192,3,6,22,10,Chennai Super Kings,Dubai International Cricket Stadium,2021-10-15,Kolkata Knight Riders,field,Chennai Super Kings,2021,165,9,Chennai Super Kings
1304047,131,5,6,15,5,Chennai Super Kings,Wankhede Stadium,2022-03-26,Kolkata Knight Riders,field,Kolkata Knight Riders,2022,133,4,Chennai Super Kings
1304048,177,5,3,24,6,Mumbai Indians,Brabourne Stadium,2022-03-27,Delhi Capitals,field,Delhi Capitals,2022,179,6,Mumbai Indians
1304049,205,2,23,22,13,Royal Challengers Bangalore,Dr DY Patil Sports Academy,2022-03-27,Punjab Kings,field,Punjab Kings,2022,208,5,Royal Challengers Bangalore
1304050,158,6,4,22,5,Lucknow Super Giants,Wankhede Stadium,2022-03-28,Gujarat Titans,field,Gujarat Titans,2022,161,5,Lucknow Super Giants
1304051,210,6,14,30,14,Rajasthan Royals,Maharashtra Cricket Association Stadium,2022-03-29,Sunrisers Hyderabad,field,Rajasthan Royals,2022,149,7,Rajasthan Royals
1304052,128,10,6,18,7,Kolkata Knight Riders,Dr DY Patil Sports Academy,2022-03-30,Royal Challengers Bangalore,field,Royal Challengers Bangalore,2022,132,7,Kolkata Knight Riders
1304053,210,7,14,32,8,Chennai Super Kings,Brabourne Stadium,2022-03-31,Lucknow Super Giants,field,Lucknow Super Giants,2022,211,4,Chennai Super Kings
1304054,137,10,11,19,8,Punjab Kings,Wankhede Stadium,2022-04-01,Kolkata Knight Riders,field,Kolkata Knight Riders,2022,141,4,Punjab Kings
1304055,193,8,11,28,11,Rajasthan Royals,Dr DY Patil Sports Academy,2022-04-02,Mumbai Indians,field,Rajasthan Royals,2022,170,8,Rajasthan Royals
1304056,171,6,7,19,5,Gujarat Titans,Maharashtra Cricket Association Stadium,2022-04-02,Delhi Capitals,field,Gujarat Titans,2022,157,9,Gujarat Titans
1304057,180,8,14,23,11,Punjab Kings,Brabourne Stadium,2022-04-03,Chennai Super Kings,field,Punjab Kings,2022,126,10,Punjab Kings
1304058,169,7,4,20,6,Lucknow Super Giants,Dr DY Patil Sports Academy,2022-04-04,Sunrisers Hyderabad,field,Lucknow Super Giants,2022,157,9,Lucknow Super Giants
1304059,169,3,8,17,11,Rajasthan Royals,Wankhede Stadium,2022-04-05,Royal Challengers Bangalore,field,Royal Challengers Bangalore,2022,173,6,Rajasthan Royals
1304060,161,4,3,20,9,Mumbai Indians,Maharashtra Cricket Association Stadium,2022-04-06,Kolkata Knight Riders,field,Kolkata Knight Riders,2022,162,5,Mumbai Indians
1304061,149,3,6,19,4,Delhi Capitals,Dr DY Patil Sports Academy,2022-04-07,Lucknow Super Giants,field,Lucknow Super Giants,2022,155,4,Delhi Capitals
1304062,189,9,4,27,9,Punjab Kings,Brabourne Stadium,2022-04-08,Gujarat Titans,field,Gujarat Titans,2022,190,4,Punjab Kings
1304063,154,7,5,17,3,Chennai Super Kings,Dr DY Patil Sports Academy,2022-04-09,Sunrisers Hyderabad,field,Sunrisers Hyderabad,2022,155,2,Chennai Super Kings
1304064,151,6,4,21,7,Mumbai Indians,Maharashtra Cricket Association Stadium,2022-04-09,Royal Challengers Bangalore,field,Royal Challengers Bangalore,2022,152,3,Mumbai Indians
1304065,215,5,16,29,11,Delhi Capitals,Brabourne Stadium,2022-04-10,Kolkata Knight Riders,field,Delhi Capitals,2022,171,10,Delhi Capitals
1304066,165,6,9,20,10,Rajasthan Royals,Wankhede Stadium,2022-04-10,Lucknow Super Giants,field,Rajasthan Royals,2022,162,8,Rajasthan Royals
1304067,162,7,22,18,2,Gujarat Titans,Dr DY Patil Sports Academy,2022-04-11,Sunrisers Hyderabad,field,Sunrisers Hyderabad,2022,168,3,Gujarat Titans
1304068,216,4,13,29,17,Chennai Super Kings,Dr DY Patil Sports Academy,2022-04-12,Royal Challengers Bangalore,field,Chennai Super Kings,2022,193,9,Chennai Super Kings
1304069,198,5,16,23,9,Punjab Kings,Maharashtra Cricket Association Stadium,2022-04-13,Mumbai Indians,field,Punjab Kings,2022,186,9,Punjab Kings
1304070,192,4,4,29,7,Gujarat Titans,Dr DY Patil Sports Academy,2022-04-14,Rajasthan Royals,field,Gujarat Titans,2022,155,9,Gujarat Titans
1304071,175,8,9,24,9,Kolkata Knight Riders,Brabourne Stadium,2022-04-15,Sunrisers Hyderabad,field,Sunrisers Hyderabad,2022,176,3,Kolkata Knight Riders
1304072,199,4,8,28,8,Lucknow Super Giants,Brabourne Stadium,2022-04-16,Mumbai Indians,field,Lucknow Super Giants,2022,181,9,Lucknow Super Giants
1304073,189,5,10,27,8,Royal Challengers Bangalore,Wankhede Stadium,2022-04-16,Delhi Capitals,field,Royal Challengers Bangalore,2022,173,7,Royal Challengers Bangalore
1304074,151,10,7,20,7,Punjab Kings,Dr DY Patil Sports Academy,2022-04-17,Sunrisers Hyderabad,field,Sunrisers Hyderabad,2022,152,3,Punjab Kings
1304075,169,5,5,20,9,Chennai Super Kings,Maharashtra Cricket Association Stadium,2022-04-17,Gujarat Titans,field,Gujarat Titans,2022,170,7,Chennai Super Kings
1304076,217,5,16,29,10,Rajasthan Royals,Brabourne Stadium,2022-04-18,Kolkata Knight Riders,field,Rajasthan Royals,2022,210,10,Rajasthan Royals
1304077,181,6,9,21,5,Royal Challengers Bangalore,Dr DY Patil Sports Academy,2022-04-19,Lucknow Super Giants,field,Royal Challengers Bangalore,2022,163,8,Royal Challengers Bangalore
1304078,115,10,2,16,1,Punjab Kings,Brabourne Stadium,2022-04-20,Delhi Capitals,field,Delhi Capitals,2022,119,1,Punjab Kings
1304079,155,7,5,17,5,Mumbai Indians,Dr DY Patil Sports Academy,2022-04-21,Chennai Super Kings,field,Chennai Super Kings,2022,156,7,Mumbai Indians
1304080,222,2,5,35,14,Rajasthan Royals,Wankhede Stadium,2022-04-22,Delhi Capitals,field,Rajasthan Royals,2022,207,8,Rajasthan Royals
1304081,156,9,10,15,5,Gujarat Titans,Dr DY Patil Sports Academy,2022-04-23,Gujarat Titans,bat,Gujarat Titans,2022,148,8,Gujarat Titans
1304082,68,10,12,6,0,Royal Challengers Bangalore,Brabourne Stadium,2022-04-23,Sunrisers Hyderabad,field,Sunrisers Hyderabad,2022,72,1,Royal Challengers Bangalore
1304083,168,6,8,20,7,Lucknow Super Giants,Wankhede Stadium,2022-04-24,Mumbai Indians,field,Lucknow Super Giants,2022,132,8,Lucknow Super Giants
1304084,187,4,14,21,6,Punjab Kings,Wankhede Stadium,2022-04-25,Chennai Super Kings,field,Punjab Kings,2022,176,6,Punjab Kings
1304085,144,8,3,17,8,Rajasthan Royals,Maharashtra Cricket Association Stadium,2022-04-26,Royal Challengers Bangalore,field,Rajasthan Royals,2022,115,10,Rajasthan Royals
1304086,195,6,14,23,11,Sunrisers Hyderabad,Wankhede Stadium,2022-04-27,Gujarat Titans,field,Gujarat Titans,2022,199,5,Sunrisers Hyderabad
1304087,146,9,9,14,4,Kolkata Knight Riders,Wankhede Stadium,2022-04-28,Delhi Capitals,field,Delhi Capitals,2022,150,6,Kolkata Knight Riders
1304088,153,8,12,16,8,Lucknow Super Giants,Maharashtra Cricket Association Stadium,2022-04-29,Punjab Kings,field,Lucknow Super Giants,2022,133,8,Lucknow Super Giants
1304089,170,6,7,22,6,Royal Challengers Bangalore,Brabourne Stadium,2022-04-30,Royal Challengers Bangalore,bat,Gujarat Titans,2022,174,4,Royal Challengers Bangalore
1304090,158,6,12,19,7,Rajasthan Royals,Dr DY Patil Sports Academy,2022-04-30,Mumbai Indians,field,Mumbai Indians,2022,161,5,Rajasthan Royals
1304091,195,3,17,22,8,Lucknow Super Giants,Wankhede Stadium,2022-05-01,Lucknow Super Giants,bat,Lucknow Super Giants,2022,189,7,Lucknow Super Giants
1304092,202,2,9,25,10,Chennai Super Kings,Maharashtra Cricket Association Stadium,2022-05-01,Sunrisers Hyderabad,field,Chennai Super Kings,2022,189,6,Chennai Super Kings
1304093,152,5,9,18,5,Rajasthan Royals,Wankhede Stadium,2022-05-02,Kolkata Knight Riders,field,Kolkata Knight Riders,2022,158,3,Rajasthan Royals
1304094,143,8,14,13,2,Gujarat Titans,Dr DY Patil Sports Academy,2022-05-03,Gujarat Titans,bat,Punjab Kings,2022,145,2,Gujarat Titans
1304095,173,8,12,19,7,Royal Challengers Bangalore,Maharashtra Cricket Association Stadium,2022-05-04,Chennai Super Kings,field,Royal Challengers Bangalore,2022,160,8,Royal Challengers Bangalore
1304096,207,3,12,30,12,Delhi Capitals,Brabourne Stadium,2022-05-05,Sunrisers Hyderabad,field,Delhi Capitals,2022,186,8,Delhi Capitals
1304097,177,6,7,22,8,Mumbai Indians,Brabourne Stadium,2022-05-06,Gujarat Titans,field,Mumbai Indians,2022,172,5,Mumbai Indians
1304098,189,5,14,27,7,Punjab Kings,Wankhede Stadium,2022-05-07,Punjab Kings,bat,Rajasthan Royals,2022,190,4,Punjab Kings
1304099,176,7,4,21,10,Lucknow Super Giants,Maharashtra Cricket Association Stadium,2022-05-07,Kolkata Knight Riders,field,Lucknow Super Giants,2022,101,10,Lucknow Super Giants
1304100,192,3,8,26,10,Royal Challengers Bangalore,Wankhede Stadium,2022-05-08,Royal Challengers Bangalore,bat,Royal Challengers Bangalore,2022,125,10,Royal Challengers Bangalore
1304101,208,6,12,28,10,Chennai Super Kings,Dr DY Patil Sports Academy,2022-05-08,Delhi Capitals,field,Chennai Super Kings,2022,117,10,Chennai Super Kings
1304102,165,9,11,22,10,Kolkata Knight Riders,Dr DY Patil Sports Academy,2022-05-09,Mumbai Indians,field,Kolkata Knight Riders,2022,113,10,Kolkata Knight Riders
1304103,144,4,7,16,1,Gujarat Titans,Maharashtra Cricket Association Stadium,2022-05-10,Gujarat Titans,bat,Gujarat Titans,2022,82,10,Gujarat Titans
1304104,160,6,6,20,6,Rajasthan Royals,Dr DY Patil Sports Academy,2022-05-11,Delhi Capitals,field,Delhi Capitals,2022,161,2,Rajasthan Royals
1304105,97,10,15,12,3,Chennai Super Kings,Wankhede Stadium,2022-05-12,Mumbai Indians,field,Mumbai Indians,2022,103,5,Chennai Super Kings
1304106,209,9,7,30,14,Punjab Kings,Brabourne Stadium,2022-05-13,Royal Challengers Bangalore,field,Punjab Kings,2022,155,9,Punjab Kings
1304107,177,6,12,21,11,Kolkata Knight Riders,Maharashtra Cricket Association Stadium,2022-05-14,Kolkata Knight Riders,bat,Kolkata Knight Riders,2022,123,8,Kolkata Knight Riders
1304108,133,5,7,11,4,Chennai Super Kings,Wankhede Stadium,2022-05-15,Chennai Super Kings,bat,Gujarat Titans,2022,137,3,Chennai Super Kings
1304109,178,6,4,26,4,Rajasthan Royals,Brabourne Stadium,2022-05-15,Rajasthan Royals,bat,Rajasthan Royals,2022,154,8,Rajasthan Royals
1304110,159,7,9,18,6,Delhi Capitals,Dr DY Patil Sports Academy,2022-05-16,Punjab Kings,field,Delhi Capitals,2022,142,9,Delhi Capitals
1304111,193,6,9,25,8,Sunrisers Hyderabad,Wankhede Stadium,2022-05-17,Mumbai Indians,field,Sunrisers Hyderabad,2022,190,7,Sunrisers Hyderabad
1304112,210,0,2,27,14,Lucknow Super Giants,Dr DY Patil Sports Academy,2022-05-18,Lucknow Super Giants,bat,Lucknow Super Giants,2022,208,8,Lucknow Super Giants
1304113,168,5,3,21,10,Gujarat Titans,Wankhede Stadium,2022-05-19,Gujarat Titans,bat,Royal Challengers Bangalore,2022,170,2,Gujarat Titans
1304114,150,6,5,20,5,Chennai Super Kings,Brabourne Stadium,2022-05-20,Chennai Super Kings,bat,Rajasthan Royals,2022,151,5,Chennai Super Kings
1304115,159,7,14,17,9,Delhi Capitals,Wankhede Stadium,2022-05-21,Mumbai Indians,field,Mumbai Indians,2022,160,5,Delhi Capitals
1304116,157,8,12,19,6,Sunrisers Hyderabad,Wankhede Stadium,2022-05-22,Sunrisers Hyderabad,bat,Punjab Kings,2022,160,5,Sunrisers Hyderabad
1312197,188,6,11,26,7,Rajasthan Royals,Eden Gardens,2022-05-24,Gujarat Titans,field,Gujarat Titans,2022,191,3,Rajasthan Royals
1312198,207,4,10,30,9,Royal Challengers Bangalore,Eden Gardens,2022-05-25,Lucknow Super Giants,field,Royal Challengers Bangalore,2022,193,6,Royal Challengers Bangalore
1312199,157,8,15,16,7,Royal Challengers Bangalore,Narendra Modi Stadium,2022-05-27,Rajasthan Royals,field,Rajasthan Royals,2022,161,3,Royal Challengers Bangalore
1312200,130,9,2,15,4,Rajasthan Royals,Narendra Modi Stadium,2022-05-29,Rajasthan Royals,bat,Gujarat Titans,2022,133,3,Rajasthan Royals
1359475,178,7,8,23,13,Chennai Super Kings,Narendra Modi Stadium,2023-03-31,Gujarat Titans,field,Gujarat Titans,2023,182,5,Chennai Super Kings
1359476,191,5,4,26,9,Punjab Kings,Punjab Cricket Association Stadium,2023-04-01,Kolkata Knight Riders,field,Punjab Kings,2023,146,7,Punjab Kings
1359477,193,6,8,21,16,Lucknow Super Giants,Bharat Ratna Shri Atal Bihari Vajpayee Ekana Cricket Stadium,2023-04-01,Delhi Capitals,field,Lucknow Super Giants,2023,143,9,Lucknow Super Giants
1359478,203,5,8,29,8,Rajasthan Royals,Rajiv Gandhi International Stadium,2023-04-02,Sunrisers Hyderabad,field,Rajasthan Royals,2023,131,8,Rajasthan Royals
1359479,171,7,11,22,7,Mumbai Indians,M Chinnaswamy Stadium,2023-04-02,Royal Challengers Bangalore,field,Royal Challengers Bangalore,2023,172,2,Mumbai Indians
1359480,217,7,16,28,13,Chennai Super Kings,MA Chidambaram Stadium,2023-04-03,Lucknow Super Giants,field,Chennai Super Kings,2023,205,7,Chennai Super Kings
1359481,162,8,15,20,6,Delhi Capitals,Arun Jaitley Stadium,2023-04-04,Gujarat Titans,field,Gujarat Titans,2023,163,4,Delhi Capitals
1359482,197,5,10,26,7,Punjab Kings,Barsapara Cricket Stadium,2023-04-05,Rajasthan Royals,field,Punjab Kings,2023,192,7,Punjab Kings
1359483,204,7,23,27,9,Kolkata Knight Riders,Eden Gardens,2023-04-06,Royal Challengers Bangalore,field,Kolkata Knight Riders,2023,123,10,Kolkata Knight Riders
1359484,121,8,4,13,3,Sunrisers Hyderabad,Bharat Ratna Shri Atal Bihari Vajpayee Ekana Cricket Stadium,2023-04-07,Sunrisers Hyderabad,bat,Lucknow Super Giants,2023,127,5,Sunrisers Hyderabad
1359485,199,4,6,30,7,Rajasthan Royals,Barsapara Cricket Stadium,2023-04-08,Delhi Capitals,field,Rajasthan Royals,2023,142,9,Rajasthan Royals
1359486,157,8,8,19,4,Mumbai Indians,Wankhede Stadium,2023-04-08,Chennai Super Kings,field,Chennai Super Kings,2023,159,3,Mumbai Indians
1359487,204,4,16,25,7,Gujarat Titans,Narendra Modi Stadium,2023-04-09,Gujarat Titans,bat,Kolkata Knight Riders,2023,207,7,Gujarat Titans
1359488,143,9,6,23,6,Punjab Kings,Rajiv Gandhi International Stadium,2023-04-09,Sunrisers Hyderabad,field,Sunrisers Hyderabad,2023,145,2,Punjab Kings
1359489,212,2,12,27,15,Royal Challengers Bangalore,M Chinnaswamy Stadium,2023-04-10,Lucknow Super Giants,field,Lucknow Super Giants,2023,213,9,Royal Challengers Bangalore
1359490,172,10,11,25,5,Delhi Capitals,Arun Jaitley Stadium,2023-04-11,Mumbai Indians,field,Mumbai Indians,2023,173,4,Delhi Capitals
1359491,175,8,10,18,7,Rajasthan Royals,MA Chidambaram Stadium,2023-04-12,Chennai Super Kings,field,Rajasthan Royals,2023,172,6,Rajasthan Royals
1359492,153,8,11,21,5,Punjab Kings,Punjab Cricket Association Stadium,2023-04-13,Gujarat Titans,field,Gujarat Titans,2023,154,4,Punjab Kings
1359493,228,4,12,32,11,Sunrisers Hyderabad,Eden Gardens,2023-04-14,Kolkata Knight Riders,field,Sunrisers Hyderabad,2023,205,7,Sunrisers Hyderabad
1359494,174,6,11,21,8,Royal Challengers Bangalore,M Chinnaswamy Stadium,2023-04-15,Delhi Capitals,field,Royal Challengers Bangalore,2023,151,9,Royal Challengers Bangalore
1359495,159,8,12,17,6,Lucknow Super Giants,Bharat Ratna Shri Atal Bihari Vajpayee Ekana Cricket Stadium,2023-04-15,Punjab Kings,field,Punjab Kings,2023,161,8,Lucknow Super Giants
1359496,185,6,14,22,10,Kolkata Knight Riders,Wankhede Stadium,2023-04-16,Mumbai Indians,field,Mumbai Indians,2023,186,5,Kolkata Knight Riders
1359497,177,7,5,20,7,Gujarat Titans,Narendra Modi Stadium,2023-04-16,Rajasthan Royals,field,Rajasthan Royals,2023,179,7,Gujarat Titans
1359498,226,6,7,29,17,Chennai Super Kings,M Chinnaswamy Stadium,2023-04-17,Royal Challengers Bangalore,field,Chennai Super Kings,2023,218,8,Chennai Super Kings
1359499,192,5,2,28,9,Mumbai Indians,Rajiv Gandhi International Stadium,2023-04-18,Sunrisers Hyderabad,field,Mumbai Indians,2023,178,10,Mumbai Indians
1359500,154,7,6,18,5,Lucknow Super Giants,Sawai Mansingh Stadium,2023-04-19,Rajasthan Royals,field,Lucknow Super Giants,2023,144,6,Lucknow Super Giants
1359501,174,4,12,18,6,Royal Challengers Bangalore,Punjab Cricket Association Stadium,2023-04-20,Punjab Kings,field,Royal Challengers Bangalore,2023,150,10,Royal Challengers Bangalore
1359502,127,10,12,16,6,Kolkata Knight Riders,Arun Jaitley Stadium,2023-04-20,Delhi Capitals,field,Delhi Capitals,2023,128,6,Kolkata Knight Riders
1359503,134,7,4,13,2,Sunrisers Hyderabad,MA Chidambaram Stadium,2023-04-21,Chennai Super Kings,field,Chennai Super Kings,2023,138,3,Sunrisers Hyderabad
1359504,135,6,1,13,4,Gujarat Titans,Bharat Ratna Shri Atal Bihari Vajpayee Ekana Cricket Stadium,2023-04-22,Gujarat Titans,bat,Gujarat Titans,2023,128,7,Gujarat Titans
1359505,214,8,12,30,14,Punjab Kings,Wankhede Stadium,2023-04-22,Mumbai Indians,field,Punjab Kings,2023,201,6,Punjab Kings
1359506,189,9,13,24,6,Royal Challengers Bangalore,M Chinnaswamy Stadium,2023-04-23,Rajasthan Royals,field,Royal Challengers Bangalore,2023,182,6,Royal Challengers Bangalore
1359507,235,4,3,32,18,Chennai Super Kings,Eden Gardens,2023-04-23,Kolkata Knight Riders,field,Chennai Super Kings,2023,186,8,Chennai Super Kings
1359508,144,9,4,17,2,Delhi Capitals,Rajiv Gandhi International Stadium,2023-04-24,Delhi Capitals,bat,Delhi Capitals,2023,137,6,Delhi Capitals
1359509,207,6,5,26,12,Gujarat Titans,Narendra Modi Stadium,2023-04-25,Mumbai Indians,field,Gujarat Titans,2023,152,9,Gujarat Titans
1359510,200,5,7,28,12,Kolkata Knight Riders,M Chinnaswamy Stadium,2023-04-26,Royal Challengers Bangalore,field,Kolkata Knight Riders,2023,179,8,Kolkata Knight Riders
1359511,202,5,11,27,6,Rajasthan Royals,Sawai Mansingh Stadium,2023-04-27,Rajasthan Royals,bat,Rajasthan Royals,2023,170,6,Rajasthan Royals
1359512,257,5,15,41,14,Lucknow Super Giants,Punjab Cricket Association Stadium,2023-04-28,Punjab Kings,field,Lucknow Super Giants,2023,201,10,Lucknow Super Giants
1359513,179,7,3,24,12,Kolkata Knight Riders,Eden Gardens,2023-04-29,Gujarat Titans,field,Gujarat Titans,2023,180,3,Kolkata Knight Riders
1359514,197,6,10,26,9,Sunrisers Hyderabad,Arun Jaitley Stadium,2023-04-29,Sunrisers Hyderabad,bat,Sunrisers Hyderabad,2023,188,6,Sunrisers Hyderabad
1359515,200,4,8,29,6,Chennai Super Kings,MA Chidambaram Stadium,2023-04-30,Chennai Super Kings,bat,Punjab Kings,2023,201,6,Chennai Super Kings
1359516,212,7,25,32,12,Rajasthan Royals,Wankhede Stadium,2023-04-30,Rajasthan Royals,bat,Mumbai Indians,2023,214,4,Rajasthan Royals
1359517,126,9,2,8,2,Royal Challengers Bangalore,Bharat Ratna Shri Atal Bihari Vajpayee Ekana Cricket Stadium,2023-05-01,Royal Challengers Bangalore,bat,Royal Challengers Bangalore,2023,108,10,Royal Challengers Bangalore
1359518,130,8,5,14,5,Delhi Capitals,Narendra Modi Stadium,2023-05-02,Delhi Capitals,bat,Delhi Capitals,2023,125,6,Delhi Capitals
1359520,214,3,17,27,7,Punjab Kings,Punjab Cricket Association Stadium,2023-05-03,Mumbai Indians,field,Mumbai Indians,2023,216,4,Punjab Kings
1359521,171,9,8,22,6,Kolkata Knight Riders,Rajiv Gandhi International Stadium,2023-05-04,Kolkata Knight Riders,bat,Kolkata Knight Riders,2023,166,8,Kolkata Knight Riders
1359522,118,10,8,12,3,Rajasthan Royals,Sawai Mansingh Stadium,2023-05-05,Rajasthan Royals,bat,Gujarat Titans,2023,119,1,Rajasthan Royals
1359523,139,8,8,16,1,Mumbai Indians,MA Chidambaram Stadium,2023-05-06,Chennai Super Kings,field,Chennai Super Kings,2023,140,4,Mumbai Indians
1359524,181,4,8,22,6,Royal Challengers Bangalore,Arun Jaitley Stadium,2023-05-06,Royal Challengers Bangalore,bat,Delhi Capitals,2023,187,3,Royal Challengers Bangalore
1359525,227,2,6,29,14,Gujarat Titans,Narendra Modi Stadium,2023-05-07,Lucknow Super Giants,field,Gujarat Titans,2023,171,7,Gujarat Titans
1359526,214,2,11,30,11,Rajasthan Royals,Sawai Mansingh Stadium,2023-05-07,Rajasthan Royals,bat,Sunrisers Hyderabad,2023,217,6,Rajasthan Royals
1359527,179,7,13,27,6,Punjab Kings,Eden Gardens,2023-05-08,Punjab Kings,bat,Kolkata Knight Riders,2023,182,5,Punjab Kings
1359528,199,6,4,29,8,Royal Challengers Bangalore,Wankhede Stadium,2023-05-09,Mumbai Indians,field,Mumbai Indians,2023,200,4,Royal Challengers Bangalore
1359529,167,8,15,17,7,Chennai Super Kings,MA Chidambaram Stadium,2023-05-10,Chennai Super Kings,bat,Chennai Super Kings,2023,140,8,Chennai Super Kings
1359530,149,8,3,16,8,Kolkata Knight Riders,Eden Gardens,2023-05-11,Rajasthan Royals,field,Rajasthan Royals,2023,151,1,Kolkata Knight Riders
1359531,218,5,2,34,12,Mumbai Indians,Wankhede Stadium,2023-05-12,Gujarat Titans,field,Mumbai Indians,2023,191,8,Mumbai Indians
1359532,182,6,5,26,8,Sunrisers Hyderabad,Rajiv Gandhi International Stadium,2023-05-13,Sunrisers Hyderabad,bat,Lucknow Super Giants,2023,185,3,Sunrisers Hyderabad
1359533,167,7,13,21,8,Punjab Kings,Arun Jaitley Stadium,2023-05-13,Delhi Capitals,field,Punjab Kings,2023,136,8,Punjab Kings
1359534,171,5,5,19,7,Royal Challengers Bangalore,Sawai Mansingh Stadium,2023-05-14,Royal Challengers Bangalore,bat,Royal Challengers Bangalore,2023,59,10,Royal Challengers Bangalore
1359535,144,6,6,12,5,Chennai Super Kings,MA Chidambaram Stadium,2023-05-14,Chennai Super Kings,bat,Kolkata Knight Riders,2023,147,4,Chennai Super Kings
1359536,188,9,13,24,2,Gujarat Titans,Narendra Modi Stadium,2023-05-15,Sunrisers Hyderabad,field,Gujarat Titans,2023,154,9,Gujarat Titans
1359537,177,4,10,17,11,Lucknow Super Giants,Bharat Ratna Shri Atal Bihari Vajpayee Ekana Cricket Stadium,2023-05-16,Mumbai Indians,field,Lucknow Super Giants,2023,172,5,Lucknow Super Giants
1359538,213,2,5,31,11,Delhi Capitals,Himachal Pradesh Cricket Association Stadium,2023-05-17,Punjab Kings,field,Delhi Capitals,2023,198,8,Delhi Capitals
1359539,186,5,6,23,8,Sunrisers Hyderabad,Rajiv Gandhi International Stadium,2023-05-18,Royal Challengers Bangalore,field,Royal Challengers Bangalore,2023,187,2,Sunrisers Hyderabad
1359540,187,5,6,26,9,Punjab Kings,Himachal Pradesh Cricket Association Stadium,2023-05-19,Rajasthan Royals,field,Rajasthan Royals,2023,189,6,Punjab Kings
1359541,223,3,10,31,14,Chennai Super Kings,Arun Jaitley Stadium,2023-05-20,Chennai Super Kings,bat,Chennai Super Kings,2023,146,9,Chennai Super Kings
1359542,176,8,12,22,10,Lucknow Super Giants,Eden Gardens,2023-05-20,Kolkata Knight Riders,field,Lucknow Super Giants,2023,175,7,Lucknow Super Giants
1359543,200,5,12,27,7,Sunrisers Hyderabad,Wankhede Stadium,2023-05-21,Mumbai Indians,field,Mumbai Indians,2023,201,2,Sunrisers Hyderabad
1359544,197,5,7,28,3,Royal Challengers Bangalore,M Chinnaswamy Stadium,2023-05-21,Gujarat Titans,field,Gujarat Titans,2023,198,4,Royal Challengers Bangalore
1370350,172,7,5,18,4,Chennai Super Kings,MA Chidambaram Stadium,2023-05-23,Gujarat Titans,field,Chennai Super Kings,2023,157,10,Chennai Super Kings
1370351,182,8,16,23,8,Mumbai Indians,MA Chidambaram Stadium,2023-05-24,Mumbai Indians,bat,Mumbai Indians,2023,101,10,Mumbai Indians
1370352,233,3,10,31,13,Gujarat Titans,Narendra Modi Stadium,2023-05-26,Mumbai Indians,field,Gujarat Titans,2023,171,10,Gujarat Titans
1370353,214,4,4,29,9,Gujarat Titans,Narendra Modi Stadium,2023-05-29,Chennai Super Kings,field,Chennai Super Kings,2023,171,5,Gujarat Titans
1422119,173,6,13,22,6,Royal Challengers Bengaluru,MA Chidambaram Stadium,2024-03-22,Royal Challengers Bengaluru,bat,Chennai Super Kings,2024,176,4,Royal Challengers Bengaluru
1422120,174,9,10,24,9,Delhi Capitals,"Maharaja Yadavindra Singh International Cricket Stadium, Mullanpur",2024-03-23,Punjab Kings,field,Punjab Kings,2024,177,6,Delhi Capitals
1422121,208,7,8,27,14,Kolkata Knight Riders,Eden Gardens,2024-03-23,Sunrisers Hyderabad,field,Kolkata Knight Riders,2024,204,7,Kolkata Knight Riders
1422122,193,4,8,21,11,Rajasthan Royals,Sawai Mansingh Stadium,2024-03-24,Rajasthan Royals,bat,Rajasthan Royals,2024,173,6,Rajasthan Royals
1422123,168,6,12,18,4,Gujarat Titans,Narendra Modi Stadium,2024-03-24,Mumbai Indians,field,Gujarat Titans,2024,162,9,Gujarat Titans
1422124,176,6,8,23,8,Punjab Kings,M Chinnaswamy Stadium,2024-03-25,Royal Challengers Bengaluru,field,Royal Challengers Bengaluru,2024,178,6,Punjab Kings
1422125,206,6,6,28,11,Chennai Super Kings,MA Chidambaram Stadium,2024-03-26,Gujarat Titans,field,Chennai Super Kings,2024,143,8,Chennai Super Kings
1422126,277,3,19,37,18,Sunrisers Hyderabad,Rajiv Gandhi International Stadium,2024-03-27,Mumbai Indians,field,Sunrisers Hyderabad,2024,246,5,Sunrisers Hyderabad
1422127,185,5,7,25,10,Rajasthan Royals,Sawai Mansingh Stadium,2024-03-28,Delhi Capitals,field,Rajasthan Royals,2024,173,5,Rajasthan Royals
1422128,182,6,4,22,11,Royal Challengers Bengaluru,M Chinnaswamy Stadium,2024-03-29,Kolkata Knight Riders,field,Kolkata Knight Riders,2024,186,3,Royal Challengers Bengaluru
1422129,199,8,7,25,10,Lucknow Super Giants,Bharat Ratna Shri Atal Bihari Vajpayee Ekana Cricket Stadium,2024-03-30,Lucknow Super Giants,bat,Lucknow Super Giants,2024,178,5,Lucknow Super Giants
1422130,162,8,4,18,6,Sunrisers Hyderabad,Narendra Modi Stadium,2024-03-31,Sunrisers Hyderabad,bat,Gujarat Titans,2024,168,3,Sunrisers Hyderabad
1422131,191,5,11,25,9,Delhi Capitals,Dr. Y.S. Rajasekhara Reddy ACA-VDCA Cricket Stadium,2024-03-31,Delhi Capitals,bat,Delhi Capitals,2024,171,6,Delhi Capitals
1422132,125,9,7,13,3,Mumbai Indians,Wankhede Stadium,2024-04-01,Rajasthan Royals,field,Rajasthan Royals,2024,127,4,Mumbai Indians
1422133,181,5,10,24,14,Lucknow Super Giants,M Chinnaswamy Stadium,2024-04-02,Royal Challengers Bengaluru,field,Lucknow Super Giants,2024,153,10,Lucknow Super Giants
1422134,272,7,22,40,18,Kolkata Knight Riders,Dr. Y.S. Rajasekhara Reddy ACA-VDCA Cricket Stadium,2024-04-03,Kolkata Knight Riders,bat,Kolkata Knight Riders,2024,166,10,Kolkata Knight Riders
1422135,199,4,9,26,5,Gujarat Titans,Narendra Modi Stadium,2024-04-04,Punjab Kings,field,Punjab Kings,2024,200,7,Gujarat Titans
1422136,165,5,2,20,6,Chennai Super Kings,Rajiv Gandhi International Stadium,2024-04-05,Sunrisers Hyderabad,field,Sunrisers Hyderabad,2024,166,4,Chennai Super Kings
1422137,183,3,11,21,7,Royal Challengers Bengaluru,Sawai Mansingh Stadium,2024-04-06,Rajasthan Royals,field,Rajasthan Royals,2024,189,4,Royal Challengers Bengaluru
1422138,234,5,14,33,14,Mumbai Indians,Wankhede Stadium,2024-04-07,Delhi Capitals,field,Mumbai Indians,2024,205,8,Mumbai Indians
1422139,163,5,5,18,6,Lucknow Super Giants,Bharat Ratna Shri Atal Bihari Vajpayee Ekana Cricket Stadium,2024-04-07,Lucknow Super Giants,bat,Lucknow Super Giants,2024,130,10,Lucknow Super Giants
1426260,137,9,13,15,4,Kolkata Knight Riders,MA Chidambaram Stadium,2024-04-08,Chennai Super Kings,field,Chennai Super Kings,2024,141,3,Kolkata Knight Riders
1426261,182,9,7,26,8,Sunrisers Hyderabad,"Maharaja Yadavindra Singh International Cricket Stadium, Mullanpur",2024-04-09,Punjab Kings,field,Sunrisers Hyderabad,2024,180,6,Sunrisers Hyderabad
1426262,196,3,7,25,8,Rajasthan Royals,Sawai Mansingh Stadium,2024-04-10,Gujarat Titans,field,Gujarat Titans,2024,199,7,Rajasthan Royals
1426263,196,8,10,26,11,Royal Challengers Bengaluru,Wankhede Stadium,2024-04-11,Mumbai Indians,field,Mumbai Indians,2024,199,3,Royal Challengers Bengaluru
1426264,167,7,10,19,2,Lucknow Super Giants,Bharat Ratna Shri Atal Bihari Vajpayee Ekana Cricket Stadium,2024-04-12,Lucknow Super Giants,bat,Delhi Capitals,2024,170,4,Lucknow Super Giants
1426265,147,8,8,15,6,Punjab Kings,"Maharaja Yadavindra Singh International Cricket Stadium, Mullanpur",2024-04-13,Rajasthan Royals,field,Rajasthan Royals,2024,152,7,Punjab Kings
1426266,161,7,8,20,7,Lucknow Super Giants,Eden Gardens,2024-04-14,Kolkata Knight Riders,field,Kolkata Knight Riders,2024,162,2,Lucknow Super Giants
1426267,206,4,8,30,11,Chennai Super Kings,Wankhede Stadium,2024-04-14,Mumbai Indians,field,Chennai Super Kings,2024,186,6,Chennai Super Kings
1426268,287,3,15,41,22,Sunrisers Hyderabad,M Chinnaswamy Stadium,2024-04-15,Royal Challengers Bengaluru,field,Sunrisers Hyderabad,2024,262,7,Sunrisers Hyderabad
1426269,223,6,21,33,9,Kolkata Knight Riders,Eden Gardens,2024-04-16,Rajasthan Royals,field,Rajasthan Royals,2024,224,8,Kolkata Knight Riders
1426270,89,10,12,9,1,Gujarat Titans,Narendra Modi Stadium,2024-04-17,Delhi Capitals,field,Delhi Capitals,2024,92,4,Gujarat Titans
1426271,192,7,11,24,10,Mumbai Indians,"Maharaja Yadavindra Singh International Cricket Stadium, Mullanpur",2024-04-18,Punjab Kings,field,Mumbai Indians,2024,183,10,Mumbai Indians
1426272,176,6,4,21,7,Chennai Super Kings,Bharat Ratna Shri Atal Bihari Vajpayee Ekana Cricket Stadium,2024-04-19,Lucknow Super Giants,field,Lucknow Super Giants,2024,180,2,Chennai Super Kings
1426273,266,7,5,40,22,Sunrisers Hyderabad,Arun Jaitley Stadium,2024-04-20,Delhi Capitals,field,Sunrisers Hyderabad,2024,199,10,Sunrisers Hyderabad
1426274,222,6,20,34,7,Kolkata Knight Riders,Eden Gardens,2024-04-21,Royal Challengers Bengaluru,field,Kolkata Knight Riders,2024,221,10,Kolkata Knight Riders
1426275,142,10,4,17,5,Punjab Kings,"Maharaja Yadavindra Singh International Cricket Stadium, Mullanpur",2024-04-21,Punjab Kings,bat,Gujarat Titans,2024,146,7,Punjab Kings
1426276,179,9,10,22,8,Mumbai Indians,Sawai Mansingh Stadium,2024-04-22,Mumbai Indians,bat,Rajasthan Royals,2024,183,1,Mumbai Indians
1426277,210,4,4,29,10,Chennai Super Kings,MA Chidambaram Stadium,2024-04-23,Lucknow Super Giants,field,Lucknow Super Giants,2024,213,4,Chennai Super Kings
1426278,224,4,5,34,16,Delhi Capitals,Arun Jaitley Stadium,2024-04-24,Gujarat Titans,field,Delhi Capitals,2024,220,8,Delhi Capitals
1426279,206,7,7,26,8,Royal Challengers Bengaluru,Rajiv Gandhi International Stadium,2024-04-25,Royal Challengers Bengaluru,bat,Royal Challengers Bengaluru,2024,171,8,Royal Challengers Bengaluru
1426280,261,6,13,40,18,Kolkata Knight Riders,Eden Gardens,2024-04-26,Punjab Kings,field,Punjab Kings,2024,262,2,Kolkata Knight Riders
1426281,257,4,8,40,17,Delhi Capitals,Arun Jaitley Stadium,2024-04-27,Mumbai Indians,field,Delhi Capitals,2024,247,9,Delhi Capitals
1426282,196,5,18,22,2,Lucknow Super Giants,Bharat Ratna Shri Atal Bihari Vajpayee Ekana Cricket Stadium,2024-04-27,Rajasthan Royals,field,Rajasthan Royals,2024,199,3,Lucknow Super Giants
1426283,200,3,11,25,10,Gujarat Titans,Narendra Modi Stadium,2024-04-28,Royal Challengers Bengaluru,field,Royal Challengers Bengaluru,2024,206,1,Gujarat Titans
1426284,212,3,9,28,8,Chennai Super Kings,MA Chidambaram Stadium,2024-04-28,Sunrisers Hyderabad,field,Chennai Super Kings,2024,134,10,Chennai Super Kings
1426285,153,9,13,21,5,Delhi Capitals,Eden Gardens,2024-04-29,Delhi Capitals,bat,Kolkata Knight Riders,2024,157,3,Delhi Capitals
1426286,144,7,8,16,4,Mumbai Indians,Bharat Ratna Shri Atal Bihari Vajpayee Ekana Cricket Stadium,2024-04-30,Lucknow Super Giants,field,Lucknow Super Giants,2024,145,6,Mumbai Indians
1426287,162,7,18,17,4,Chennai Super Kings,MA Chidambaram Stadium,2024-05-01,Punjab Kings,field,Punjab Kings,2024,163,3,Chennai Super Kings
1426288,201,3,8,28,15,Sunrisers Hyderabad,Rajiv Gandhi International Stadium,2024-05-02,Sunrisers Hyderabad,bat,Sunrisers Hyderabad,2024,200,7,Sunrisers Hyderabad
1426289,169,10,7,21,9,Kolkata Knight Riders,Wankhede Stadium,2024-05-03,Mumbai Indians,field,Kolkata Knight Riders,2024,145,10,Kolkata Knight Riders
1426290,147,10,7,22,5,Gujarat Titans,M Chinnaswamy Stadium,2024-05-04,Royal Challengers Bengaluru,field,Royal Challengers Bengaluru,2024,152,6,Gujarat Titans
1426291,167,9,6,20,5,Chennai Super Kings,Himachal Pradesh Cricket Association Stadium,2024-05-05,Punjab Kings,field,Chennai Super Kings,2024,139,9,Chennai Super Kings
1426292,235,6,13,34,13,Kolkata Knight Riders,Bharat Ratna Shri Atal Bihari Vajpayee Ekana Cricket Stadium,2024-05-05,Lucknow Super Giants,field,Kolkata Knight Riders,2024,137,10,Kolkata Knight Riders
1426293,173,8,14,18,5,Sunrisers Hyderabad,Wankhede Stadium,2024-05-06,Mumbai Indians,field,Mumbai Indians,2024,174,3,Sunrisers Hyderabad
1426294,221,8,1,34,12,Delhi Capitals,Arun Jaitley Stadium,2024-05-07,Rajasthan Royals,field,Delhi Capitals,2024,201,8,Delhi Capitals
1426295,165,4,4,20,4,Lucknow Super Giants,Rajiv Gandhi International Stadium,2024-05-08,Lucknow Super Giants,bat,Sunrisers Hyderabad,2024,167,0,Lucknow Super Giants
1426296,241,7,8,35,16,Royal Challengers Bengaluru,Himachal Pradesh Cricket Association Stadium,2024-05-09,Punjab Kings,field,Royal Challengers Bengaluru,2024,181,10,Royal Challengers Bengaluru
1426297,231,3,6,29,14,Gujarat Titans,Narendra Modi Stadium,2024-05-10,Chennai Super Kings,field,Gujarat Titans,2024,196,8,Gujarat Titans
1426298,157,7,6,23,9,Kolkata Knight Riders,Eden Gardens,2024-05-11,Mumbai Indians,field,Kolkata Knight Riders,2024,139,8,Kolkata Knight Riders
1426299,141,5,5,13,6,Rajasthan Royals,MA Chidambaram Stadium,2024-05-12,Rajasthan Royals,bat,Chennai Super Kings,2024,145,5,Rajasthan Royals
1426300,187,9,10,21,11,Royal Challengers Bengaluru,M Chinnaswamy Stadium,2024-05-12,Delhi Capitals,field,Royal Challengers Bengaluru,2024,140,10,Royal Challengers Bengaluru
1426302,208,4,8,28,10,Delhi Capitals,Arun Jaitley Stadium,2024-05-14,Lucknow Super Giants,field,Delhi Capitals,2024,189,9,Delhi Capitals
1426303,144,9,2,20,2,Rajasthan Royals,Barsapara Cricket Stadium,2024-05-15,Rajasthan Royals,bat,Punjab Kings,2024,145,5,Rajasthan Royals
1426305,214,6,11,30,14,Lucknow Super Giants,Wankhede Stadium,2024-05-17,Mumbai Indians,field,Lucknow Super Giants,2024,196,6,Lucknow Super Giants
1426306,218,5,8,30,16,Royal Challengers Bengaluru,M Chinnaswamy Stadium,2024-05-18,Chennai Super Kings,field,Royal Challengers Bengaluru,2024,191,7,Royal Challengers Bengaluru
1426307,214,5,10,29,12,Punjab Kings,Rajiv Gandhi International Stadium,2024-05-19,Punjab Kings,bat,Sunrisers Hyderabad,2024,215,6,Punjab Kings
1426309,159,10,7,19,6,Sunrisers Hyderabad,Narendra Modi Stadium,2024-05-21,Sunrisers Hyderabad,bat,Kolkata Knight Riders,2024,164,2,Sunrisers Hyderabad
1426310,172,8,4,21,8,Royal Challengers Bengaluru,Narendra Modi Stadium,2024-05-22,Rajasthan Royals,field,Rajasthan Royals,2024,174,6,Royal Challengers Bengaluru
1426311,175,9,8,20,9,Sunrisers Hyderabad,MA Chidambaram Stadium,2024-05-24,Rajasthan Royals,field,Sunrisers Hyderabad,2024,139,7,Sunrisers Hyderabad
1426312,113,10,13,11,3,Sunrisers Hyderabad,MA Chidambaram Stadium,2024-05-26,Sunrisers Hyderabad,bat,Kolkata Knight Riders,2024,114,2,Sunrisers Hyderabad
1473438,174,8,6,26,8,Kolkata Knight Riders,Eden Gardens,2025-03-22,Royal Challengers Bengaluru,field,Royal Challengers Bengaluru,2025,177,3,Kolkata Knight Riders
1473439,286,6,18,46,12,Sunrisers Hyderabad,Rajiv Gandhi International Stadium,2025-03-23,Rajasthan Royals,field,Sunrisers Hyderabad,2025,242,6,Sunrisers Hyderabad
1473440,155,9,10,18,5,Mumbai Indians,MA Chidambaram Stadium,2025-03-23,Chennai Super Kings,field,Chennai Super Kings,2025,158,6,Mumbai Indians
1473441,209,8,7,31,16,Lucknow Super Giants,Dr. Y.S. Rajasekhara Reddy ACA-VDCA Cricket Stadium,2025-03-24,Delhi Capitals,field,Delhi Capitals,2025,211,9,Lucknow Super Giants
1473442,243,5,14,38,16,Punjab Kings,Narendra Modi Stadium,2025-03-25,Gujarat Titans,field,Punjab Kings,2025,232,5,Punjab Kings
1473443,151,9,4,18,7,Rajasthan Royals,Barsapara Cricket Stadium,2025-03-26,Kolkata Knight Riders,field,Kolkata Knight Riders,2025,153,2,Rajasthan Royals
1473444,190,9,7,22,12,Sunrisers Hyderabad,Rajiv Gandhi International Stadium,2025-03-27,Lucknow Super Giants,field,Lucknow Super Giants,2025,193,5,Sunrisers Hyderabad
1473445,196,7,11,27,12,Royal Challengers Bengaluru,MA Chidambaram Stadium,2025-03-28,Chennai Super Kings,field,Royal Challengers Bengaluru,2025,146,8,Royal Challengers Bengaluru
1473446,196,8,15,23,9,Gujarat Titans,Narendra Modi Stadium,2025-03-29,Mumbai Indians,field,Gujarat Titans,2025,160,6,Gujarat Titans
1473447,163,10,11,20,8,Sunrisers Hyderabad,Dr. Y.S. Rajasekhara Reddy ACA-VDCA Cricket Stadium,2025-03-30,Sunrisers Hyderabad,bat,Delhi Capitals,2025,166,3,Sunrisers Hyderabad
1473448,182,9,10,24,9,Rajasthan Royals,Barsapara Cricket Stadium,2025-03-30,Chennai Super Kings,field,Rajasthan Royals,2025,176,6,Rajasthan Royals
1473449,116,10,7,15,6,Kolkata Knight Riders,Wankhede Stadium,2025-03-31,Mumbai Indians,field,Mumbai Indians,2025,121,2,Kolkata Knight Riders
1473450,171,7,7,23,8,Lucknow Super Giants,Bharat Ratna Shri Atal Bihari Vajpayee Ekana Cricket Stadium,2025-04-01,Punjab Kings,field,Punjab Kings,2025,177,2,Lucknow Super Giants
1473451,169,8,7,24,9,Royal Challengers Bengaluru,M Chinnaswamy Stadium,2025-04-02,Gujarat Titans,field,Gujarat Titans,2025,170,2,Royal Challengers Bengaluru
1473452,200,6,11,28,11,Kolkata Knight Riders,Eden Gardens,2025-04-03,Sunrisers Hyderabad,field,Kolkata Knight Riders,2025,120,10,Kolkata Knight Riders
1473453,203,8,8,29,8,Lucknow Super Giants,Bharat Ratna Shri Atal Bihari Vajpayee Ekana Cricket Stadium,2025-04-04,Mumbai Indians,field,Lucknow Super Giants,2025,191,5,Lucknow Super Giants
1473454,183,6,6,22,7,Delhi Capitals,MA Chidambaram Stadium,2025-04-05,Delhi Capitals,bat,Delhi Capitals,2025,158,5,Delhi Capitals
1473455,205,4,12,27,10,Rajasthan Royals,"Maharaja Yadavindra Singh International Cricket Stadium, Mullanpur",2025-04-05,Punjab Kings,field,Rajasthan Royals,2025,155,9,Rajasthan Royals
1473456,238,3,13,33,15,Lucknow Super Giants,Eden Gardens,2025-04-08,Kolkata Knight Riders,field,Lucknow Super Giants,2025,234,7,Lucknow Super Giants
1473457,152,8,4,21,2,Sunrisers Hyderabad,Rajiv Gandhi International Stadium,2025-04-06,Gujarat Titans,field,Gujarat Titans,2025,153,3,Sunrisers Hyderabad
1473458,221,5,8,31,13,Royal Challengers Bengaluru,Wankhede Stadium,2025-04-07,Mumbai Indians,field,Royal Challengers Bengaluru,2025,209,9,Royal Challengers Bengaluru
1473459,219,6,7,27,16,Punjab Kings,"Maharaja Yadavindra Singh International Cricket Stadium, Mullanpur",2025-04-08,Punjab Kings,bat,Punjab Kings,2025,201,5,Punjab Kings
1473460,217,6,18,29,9,Gujarat Titans,Narendra Modi Stadium,2025-04-09,Rajasthan Royals,field,Gujarat Titans,2025,159,10,Gujarat Titans
1473461,163,7,15,19,10,Royal Challengers Bengaluru,M Chinnaswamy Stadium,2025-04-10,Delhi Capitals,field,Delhi Capitals,2025,169,4,Royal Challengers Bengaluru
1473462,103,9,5,9,1,Chennai Super Kings,MA Chidambaram Stadium,2025-04-11,Kolkata Knight Riders,field,Kolkata Knight Riders,2025,107,2,Chennai Super Kings
1473463,180,6,9,21,3,Gujarat Titans,Bharat Ratna Shri Atal Bihari Vajpayee Ekana Cricket Stadium,2025-04-12,Lucknow Super Giants,field,Lucknow Super Giants,2025,186,4,Gujarat Titans
1473464,245,6,14,34,16,Punjab Kings,Rajiv Gandhi International Stadium,2025-04-12,Punjab Kings,bat,Sunrisers Hyderabad,2025,247,2,Punjab Kings
1473465,173,4,5,23,5,Rajasthan Royals,Sawai Mansingh Stadium,2025-04-13,Royal Challengers Bengaluru,field,Royal Challengers Bengaluru,2025,175,1,Rajasthan Royals
1473466,205,5,6,32,10,Mumbai Indians,Arun Jaitley Stadium,2025-04-13,Delhi Capitals,field,Mumbai Indians,2025,193,10,Mumbai Indians
1473467,166,7,11,21,10,Lucknow Super Giants,Bharat Ratna Shri Atal Bihari Vajpayee Ekana Cricket Stadium,2025-04-14,Chennai Super Kings,field,Chennai Super Kings,2025,168,5,Lucknow Super Giants
1473468,111,10,5,15,5,Punjab Kings,"Maharaja Yadavindra Singh International Cricket Stadium, Mullanpur",2025-04-15,Punjab Kings,bat,Punjab Kings,2025,95,10,Punjab Kings
1473469,188,5,9,24,7,Delhi Capitals,Arun Jaitley Stadium,2025-04-16,Rajasthan Royals,field,Unknown,2025,188,5,Delhi Capitals
1473470,162,5,10,19,5,Sunrisers Hyderabad,Wankhede Stadium,2025-04-17,Mumbai Indians,field,Mumbai Indians,2025,166,6,Sunrisers Hyderabad
1473471,95,9,1,13,4,Royal Challengers Bengaluru,M Chinnaswamy Stadium,2025-04-18,Punjab Kings,field,Punjab Kings,2025,98,5,Royal Challengers Bengaluru
1473472,203,8,12,25,10,Delhi Capitals,Narendra Modi Stadium,2025-04-19,Gujarat Titans,field,Gujarat Titans,2025,204,3,Delhi Capitals
1473473,180,5,9,20,8,Lucknow Super Giants,Sawai Mansingh Stadium,2025-04-19,Lucknow Super Giants,bat,Lucknow Super Giants,2025,178,5,Lucknow Super Giants
1473474,157,6,5,17,5,Punjab Kings,"Maharaja Yadavindra Singh International Cricket Stadium, Mullanpur",2025-04-20,Royal Challengers Bengaluru,field,Royal Challengers Bengaluru,2025,159,3,Punjab Kings
1473475,176,5,9,20,8,Chennai Super Kings,Wankhede Stadium,2025-04-20,Mumbai Indians,field,Mumbai Indians,2025,177,1,Chennai Super Kings
1473476,198,3,4,29,5,Gujarat Titans,Eden Gardens,2025-04-21,Kolkata Knight Riders,field,Gujarat Titans,2025,159,8,Gujarat Titans
1473477,159,6,1,18,4,Lucknow Super Giants,Bharat Ratna Shri Atal Bihari Vajpayee Ekana Cricket Stadium,2025-04-22,Delhi Capitals,field,Delhi Capitals,2025,161,2,Lucknow Super Giants
1473478,143,8,4,18,6,Sunrisers Hyderabad,Rajiv Gandhi International Stadium,2025-04-23,Mumbai Indians,field,Mumbai Indians,2025,146,3,Sunrisers Hyderabad
1473479,205,5,15,28,6,Royal Challengers Bengaluru,M Chinnaswamy Stadium,2025-04-24,Rajasthan Royals,field,Royal Challengers Bengaluru,2025,194,9,Royal Challengers Bengaluru
1473480,154,10,7,19,6,Chennai Super Kings,MA Chidambaram Stadium,2025-04-25,Sunrisers Hyderabad,field,Sunrisers Hyderabad,2025,155,5,Chennai Super Kings
1473481,201,4,3,29,11,Punjab Kings,Eden Gardens,2025-04-26,Punjab Kings,bat,Unknown,2025,7,0,Punjab Kings
1473482,215,7,5,32,14,Mumbai Indians,Wankhede Stadium,2025-04-27,Lucknow Super Giants,field,Mumbai Indians,2025,161,10,Mumbai Indians
1473483,162,8,4,20,5,Delhi Capitals,Arun Jaitley Stadium,2025-04-27,Royal Challengers Bengaluru,field,Royal Challengers Bengaluru,2025,165,4,Delhi Capitals
1473484,209,4,9,24,11,Gujarat Titans,Sawai Mansingh Stadium,2025-04-28,Rajasthan Royals,field,Rajasthan Royals,2025,212,2,Gujarat Titans
1473485,204,9,15,29,8,Kolkata Knight Riders,Arun Jaitley Stadium,2025-04-29,Delhi Capitals,field,Kolkata Knight Riders,2025,190,9,Kolkata Knight Riders
1473486,190,10,16,26,7,Chennai Super Kings,MA Chidambaram Stadium,2025-04-30,Punjab Kings,field,Punjab Kings,2025,194,6,Chennai Super Kings
1473487,217,2,7,33,7,Mumbai Indians,Sawai Mansingh Stadium,2025-05-01,Rajasthan Royals,field,Mumbai Indians,2025,117,10,Mumbai Indians
